D_Name,D_SMILES,D_HOMO,D_LUMO,D_lamda_max,Solvent,A_Name,A_HOMO,A_LUMO,A_lamda_max,VOC (V),JSC (mA/cm²),FF (%),PCE (%),Ratio,REFERENCE
MPHS-Ph,O=C(N(CC1=CC=CC=C1)C(S/2)=S)C2=C\C3=CC=C(S3)C(S4)=C(CCCCCCCC)C=C4C5=CC(S6)=C(S5)C7=C6C(C8=CC(SCC(CCCCCC)CCCCCCCC)=CC=C8)=C(C(SC(C9=CC(CCCCCCCC)=C(C%10=CC=C(/C=C%11C(N(CC%12=CC=CC=C%12)C(S/%11)=S)=O)S%10)S9)=C%13)=C%13S%14)C%14=C7C%15=CC(SCC(CCCCCCCC)CCCCCC)=CC=C%15,-5,33,-3,51,564,THF,BTP-eC9,-5,64,-4,05,828,0,859,23,63,72,75,14,77,1,8/1,[1]
MPHS-Ph,O=C(N(CC1=CC=CC=C1)C(S/2)=S)C2=C\C3=CC=C(S3)C(S4)=C(CCCCCCCC)C=C4C5=CC(S6)=C(S5)C7=C6C(C8=CC(SCC(CCCCCC)CCCCCCCC)=CC=C8)=C(C(SC(C9=CC(CCCCCCCC)=C(C%10=CC=C(/C=C%11C(N(CC%12=CC=CC=C%12)C(S/%11)=S)=O)S%10)S9)=C%13)=C%13S%14)C%14=C7C%15=CC(SCC(CCCCCCCC)CCCCCC)=CC=C%15,-5,33,-3,51,564,THF,BTP-eC9,-5,64,-4,05,828,0,858,23,16,73,22,14,48,1,9/1,[1]
MPHS-Ph,O=C(N(CC1=CC=CC=C1)C(S/2)=S)C2=C\C3=CC=C(S3)C(S4)=C(CCCCCCCC)C=C4C5=CC(S6)=C(S5)C7=C6C(C8=CC(SCC(CCCCCC)CCCCCCCC)=CC=C8)=C(C(SC(C9=CC(CCCCCCCC)=C(C%10=CC=C(/C=C%11C(N(CC%12=CC=CC=C%12)C(S/%11)=S)=O)S%10)S9)=C%13)=C%13S%14)C%14=C7C%15=CC(SCC(CCCCCCCC)CCCCCC)=CC=C%15,-5,33,-3,51,564,THF,BTP-eC9,-5,64,-4,05,828,0,861,22,61,74,36,14,48,02,0/01,[1]
MPhS-C2,O=C(N(CC)C(S/1)=S)C1=C/C2=CC=C(S2)C(S3)=CC=C3C4=CC5=C(S4)C6=C(C7=CC(SCC(CCCCCC)CCCCCCCC)=CC=C7)C8=C(C(SC(C9=CC=C(C%10=CC=C(/C=C%11C(N(CC)C(S\%11)=S)=O)S%10)S9)=C%12)=C%12S8)C(C%13=CC(SCC(CCCCCC)CCCCCCCC)=CC=C%13)=C6S5,-5,35,-3,45,522,THF,BTP-eC9,-5,64,-4,05,828,0,867,24,42,72,75,15,67,1,8/1,[1]
MPhS-C2,O=C(N(CC)C(S/1)=S)C1=C/C2=CC=C(S2)C(S3)=CC=C3C4=CC5=C(S4)C6=C(C7=CC(SCC(CCCCCC)CCCCCCCC)=CC=C7)C8=C(C(SC(C9=CC=C(C%10=CC=C(/C=C%11C(N(CC)C(S\%11)=S)=O)S%10)S9)=C%12)=C%12S8)C(C%13=CC(SCC(CCCCCC)CCCCCCCC)=CC=C%13)=C6S5,-5,35,-3,45,522,THF,BTP-eC9,-5,64,-4,05,828,0,857,23,66,74,62,15,14,1,9/1,[1]
MPhS-C2,O=C(N(CC)C(S/1)=S)C1=C/C2=CC=C(S2)C(S3)=CC=C3C4=CC5=C(S4)C6=C(C7=CC(SCC(CCCCCC)CCCCCCCC)=CC=C7)C8=C(C(SC(C9=CC=C(C%10=CC=C(/C=C%11C(N(CC)C(S\%11)=S)=O)S%10)S9)=C%12)=C%12S8)C(C%13=CC(SCC(CCCCCC)CCCCCCCC)=CC=C%13)=C6S5,-5,35,-3,45,522,THF,BTP-eC9,-5,64,-4,05,828,0,854,23,63,74,44,15,03,02,0/01,[1]
BSTR-h,O=C(/C(S1)=C\C(S2)=CC=C2C3=C(CCCCCC)C=C(S3)C(S4)=C(CCCCCC)C=C4C5=CC6=C(C7=CC=C(SCC(CC)CCCC)S7)C(SC(C(S8)=CC(CCCCCC)=C8C9=CC(CCCCCC)=C(S9)C(S%10)=CC=C%10/C=C%11C(N(C(S\%11)=S)C(CCCC)CC)=O)=C%12)=C%12C(C(S%13)=CC=C%13SCC(CCCC)CC)=C6S5)N(C(CC)CCCC)C1=S,-5,31,-3,53,579,CF,N3,-5,64,-4,08,751,0,782,25,18,70,08,13,8,01:01,[2]
BSTR-f,O=C(/C(S1)=C\C(S2)=CC=C2C3=C(CCCCCC)C=C(S3)C(S4)=C(CCCCCC)C=C4C5=CC6=C(C7=CC(F)=C(SCC(CC)CCCC)S7)C(SC(C(S8)=CC(CCCCCC)=C8C9=CC(CCCCCC)=C(S9)C(S%10)=CC=C%10/C=C%11C(N(C(S\%11)=S)C(CCCC)CC)=O)=C%12)=C%12C(C(S%13)=CC(F)=C%13SCC(CCCC)CC)=C6S5)N(C(CC)CCCC)C1=S,-5,44,-3,56,575,CF,N3,-5,64,-4,08,751,0,835,24,89,76,64,15,93,01:01,[2]
BSTR-cl,O=C(/C(S1)=C\C(S2)=CC=C2C3=C(CCCCCC)C=C(S3)C(S4)=C(CCCCCC)C=C4C5=CC6=C(C7=CC(Cl)=C(SCC(CC)CCCC)S7)C(SC(C(S8)=CC(CCCCCC)=C8C9=CC(CCCCCC)=C(S9)C(S%10)=CC=C%10/C=C%11C(N(C(S\%11)=S)C(CCCC)CC)=O)=C%12)=C%12C(C(S%13)=CC(Cl)=C%13SCC(CCCC)CC)=C6S5)N(C(CC)CCCC)C1=S,-5,45,-3,54,574,CF,N3,-5,64,-4,08,751,0,833,25,05,74,71,15,59,01:01,[2]
BSTR-br,O=C(/C(S1)=C\C(S2)=CC=C2C3=C(CCCCCC)C=C(S3)C(S4)=C(CCCCCC)C=C4C5=CC6=C(C7=CC(Br)=C(SCC(CC)CCCC)S7)C(SC(C(S8)=CC(CCCCCC)=C8C9=CC(CCCCCC)=C(S9)C(S%10)=CC=C%10/C=C%11C(N(C(S\%11)=S)C(CCCC)CC)=O)=C%12)=C%12C(C(S%13)=CC(Br)=C%13SCC(CCCC)CC)=C6S5)N(C(CC)CCCC)C1=S,-5,53,-3,53,572,CF,N3,-5,64,-4,08,751,0,827,22,84,72,13,6,01:01,[2]
MPhS-C2,O=C(N(CC)C(S/1)=S)C1=C/C2=CC=C(S2)C(S3)=CC=C3C4=CC5=C(S4)C6=C(C7=CC(SCC(CCCCCC)CCCCCCCC)=CC=C7)C8=C(C(SC(C9=CC=C(C%10=CC=C(/C=C%11C(N(CC)C(S\%11)=S)=O)S%10)S9)=C%12)=C%12S8)C(C%13=CC(SCC(CCCCCC)CCCCCCCC)=CC=C%13)=C6S5,-5,35,-3,45,589,CF,L8-S9,-5,73,-3,66,831,0,894,25,37,73,14,16,59,1,7:1,[3]
MPhS-C2,O=C(N(CC)C(S/1)=S)C1=C/C2=CC=C(S2)C(S3)=CC=C3C4=CC5=C(S4)C6=C(C7=CC(SCC(CCCCCC)CCCCCCCC)=CC=C7)C8=C(C(SC(C9=CC=C(C%10=CC=C(/C=C%11C(N(CC)C(S\%11)=S)=O)S%10)S9)=C%12)=C%12S8)C(C%13=CC(SCC(CCCCCC)CCCCCCCC)=CC=C%13)=C6S5,-5,35,-3,45,589,CF,L8-BO,-5,76,-3,88,796,0,875,25,69,70,72,15,9,1,7:2,[3]
B3TR,O=C(/C(S1)=C\C(S2)=CC=C2C3=C(CCCCCC)C=C(S3)C(S4)=C(CCCCCC)C=C4C5=CC6=C(C(C7=CC=C(CC(CCCC)CC)S7)=C8C=C(SC8=C6C9=CC=C(CC(CC)CCCC)S9)C(S%10)=CC(CCCCCC)=C%10C%11=CC(CCCCCC)=C(S%11)C(S%12)=CC=C%12/C=C%13C(N(C(S\%13)=S)CC)=O)S5)N(CC)C1=S,-5,22,-3,67,588,CF,BTP-eC9,-5,64,-4,05,828,0,809,25,5,72,14,8,01:01,[4]
B3TR,O=C(/C(S1)=C\C(S2)=CC=C2C3=C(CCCCCC)C=C(S3)C(S4)=C(CCCCCC)C=C4C5=CC6=C(C(C7=CC=C(CC(CCCC)CC)S7)=C8C=C(SC8=C6C9=CC=C(CC(CC)CCCC)S9)C(S%10)=CC(CCCCCC)=C%10C%11=CC(CCCCCC)=C(S%11)C(S%12)=CC=C%12/C=C%13C(N(C(S\%13)=S)CC)=O)S5)N(CC)C1=S,-5,22,-3,67,588,CB,BTP-eC9,-5,64,-4,05,828,0,808,24,9,0,683,13,8,01:01,[4]
B3TR,O=C(/C(S1)=C\C(S2)=CC=C2C3=C(CCCCCC)C=C(S3)C(S4)=C(CCCCCC)C=C4C5=CC6=C(C(C7=CC=C(CC(CCCC)CC)S7)=C8C=C(SC8=C6C9=CC=C(CC(CC)CCCC)S9)C(S%10)=CC(CCCCCC)=C%10C%11=CC(CCCCCC)=C(S%11)C(S%12)=CC=C%12/C=C%13C(N(C(S\%13)=S)CC)=O)S5)N(CC)C1=S,-5,22,-3,67,588,THF,BTP-eC9,-5,64,-4,05,828,0,802,24,6,0,676,13,4,01:01,[4]
B2,S=C(S/C1=C/C2=CC=C(C3=C(C=C(C4=CC5=C(C(C6=CC=C(CC(CCCC)CC)S6)=C7C=C(C8=CC9=C(C(C%10=CC=C(CC(CCCC)CC)S%10)=C%11C=C(C%12=CC(CCCCCC)=C(S%12)C(S%13)=CC=C%13/C=C%14C(N(C(S\%14)=S)CC)=O)SC%11=C9C%15=CC=C(CC(CCCC)CC)S%15)S8)SC7=C5C%16=CC=C(CC(CCCC)CC)S%16)S4)S3)CCCCCC)S2)N(C1=O)CC,-5,23,-3,67,609,CF,BTP-eC9,-5,64,-4,05,828,0,861,26,2,75,8,17,1,01:01,[4]
B2,S=C(S/C1=C/C2=CC=C(C3=C(C=C(C4=CC5=C(C(C6=CC=C(CC(CCCC)CC)S6)=C7C=C(C8=CC9=C(C(C%10=CC=C(CC(CCCC)CC)S%10)=C%11C=C(C%12=CC(CCCCCC)=C(S%12)C(S%13)=CC=C%13/C=C%14C(N(C(S\%14)=S)CC)=O)SC%11=C9C%15=CC=C(CC(CCCC)CC)S%15)S8)SC7=C5C%16=CC=C(CC(CCCC)CC)S%16)S4)S3)CCCCCC)S2)N(C1=O)CC,-5,23,-3,67,609,CF,BTP-eC9,-5,64,-4,05,828,0,857,26,1,72,7,16,1,01:01,[4]
B2,S=C(S/C1=C/C2=CC=C(C3=C(C=C(C4=CC5=C(C(C6=CC=C(CC(CCCC)CC)S6)=C7C=C(C8=CC9=C(C(C%10=CC=C(CC(CCCC)CC)S%10)=C%11C=C(C%12=CC(CCCCCC)=C(S%12)C(S%13)=CC=C%13/C=C%14C(N(C(S\%14)=S)CC)=O)SC%11=C9C%15=CC=C(CC(CCCC)CC)S%15)S8)SC7=C5C%16=CC=C(CC(CCCC)CC)S%16)S4)S3)CCCCCC)S2)N(C1=O)CC,-5,23,-3,67,609,CF,BTP-eC9,-5,64,-4,05,828,0,861,25,8,66,9,14,9,01:01,[4]
CA-CO,CCN(CC)C1=CC=C(C(OC2=O)=C1)C=C2C(/C=C/C3=C(C=CC=C4)C4=CC5=C3C=CC=C5)=O,-5,55,-3,59,476,CF,Y6,-5,7,-4,08,833,0,84,20,98,69,12,27,01:01,2,[5]
CA-CO,CCN(CC)C1=CC=C(C(OC2=O)=C1)C=C2C(/C=C/C3=C(C=CC=C4)C4=CC5=C3C=CC=C5)=O,-5,55,-3,59,476,CF,DBTBT-IC,-5,77,-3,88,660,0,97,14,92,64,9,41,01:01,2,[5]
BTR-Cl,O=C(N(CCCCCC)C(S/1)=S)C1=C\C2=CC=C(S2)C3=C(CCCCCC)C=C(C4=C(CCCCCC)C=C(C5=CC6=C(C7=CC(Cl)=C(CC(CCCC)CC)S7)C8=C(C=C(C9=CC(CCCCCC)=C(C(S%10)=CC(CCCCCC)=C%10C%11=CC=C(S%11)/C=C%12SC(N(C\%12=O)CCCCCC)=S)S9)S8)C(C%13=CC(Cl)=C(CC(CCCC)CC)S%13)=C6S5)S4)S3,-5,46,-3,7,580,CF,Y6,-5,65,-4,1,836,0,83,23,66,74,7,14,7,1,6:1,[6]
B1,O=C(N(CCCC)C(S/1)=S)C1=C\C2=CC=C(S2)C3=C(CCCCCC)C=C(C4=C(CCCCCC)C=C(C5=CC6=C(C7=CC=C(SCC(CCCC)CC)C=C7)C8=C(C=C(C9=CC(CCCCCC)=C(C(S%10)=CC(CCCCCC)=C%10C%11=CC=C(S%11)/C=C%12SC(N(C\%12=O)CCCC)=S)S9)S8)C(C%13=CC=C(SCC(CC)CCCC)C=C%13)=C6S5)S4)S3,-5,1,-3,51,626,CB,BO-4Cl,-5,66,-4,09,822,0,83,25,27,73,15,3,01:01,[7]
B1,O=C(N(CCCC)C(S/1)=S)C1=C\C2=CC=C(S2)C3=C(CCCCCC)C=C(C4=C(CCCCCC)C=C(C5=CC6=C(C7=CC=C(SCC(CCCC)CC)C=C7)C8=C(C=C(C9=CC(CCCCCC)=C(C(S%10)=CC(CCCCCC)=C%10C%11=CC=C(S%11)/C=C%12SC(N(C\%12=O)CCCC)=S)S9)S8)C(C%13=CC=C(SCC(CC)CCCC)C=C%13)=C6S5)S4)S3,-5,1,-3,51,626,CF,BO-4Cl,-5,66,-4,09,822,0,82,24,34,75,15,01:01,[7]
BTR,O=C(N(CCCCCC)C(S/1)=S)C1=C\C2=CC=C(S2)C3=C(CCCCCC)C=C(C4=C(CCCCCC)C=C(C5=CC6=C(C7=CC(CCCCCC)=C(CC(CC)CCCC)S7)C8=C(C=C(C9=CC(CCCCCC)=C(C(S%10)=CC(CCCCCC)=C%10C%11=CC=C(S%11)/C=C%12SC(N(C\%12=O)CCCCCC)=S)S9)S8)C(C%13=CC(CCCCCC)=C(CC(CC)CCCC)S%13)=C6S5)S4)S3,-5,34,-3,52,620,CB,BO-4Cl,-5,66,-4,09,822,0,83,18,67,67,10,4,01:01,[7]
BTR,O=C(N(CCCCCC)C(S/1)=S)C1=C\C2=CC=C(S2)C3=C(CCCCCC)C=C(C4=C(CCCCCC)C=C(C5=CC6=C(C7=CC(CCCCCC)=C(CC(CC)CCCC)S7)C8=C(C=C(C9=CC(CCCCCC)=C(C(S%10)=CC(CCCCCC)=C%10C%11=CC=C(S%11)/C=C%12SC(N(C\%12=O)CCCCCC)=S)S9)S8)C(C%13=CC(CCCCCC)=C(CC(CC)CCCC)S%13)=C6S5)S4)S3,-5,34,-3,52,620,CF,BO-4Cl,-5,66,-4,09,822,0,83,18,93,72,11,3,01:01,[7]
BM-Cl,O=C(N(CCCCC)C(S/1)=S)C1=C\C2=CC(Cl)=C(S2)C3=C(CCCCCC)C=C(C4=C(CCCCCC)C=C(C5=CC6=C(C7=CC(SCC(CCCC)CC)=CC=C7)C8=C(C=C(C9=CC(CCCCCC)=C(C(S%10)=CC(CCCCCC)=C%10C%11=C(Cl)C=C(S%11)/C=C%12SC(N(C\%12=O)CCCCC)=S)S9)S8)C(C%13=CC(SCC(CCCC)CC)=CC=C%13)=C6S5)S4)S3,-4,98,-3,06,584,CF,BO-4Cl,-5,6,-4,16,833,0,806,26,23,72,9,15,4,01:01,[8]
BM-ClEH,O=C(N(C(CCCC)CC)C(S/1)=S)C1=C\C2=CC(Cl)=C(S2)C3=C(CCCCCC)C=C(C4=C(CCCCCC)C=C(C5=CC6=C(C7=CC(SCC(CCCC)CC)=CC=C7)C8=C(C=C(C9=CC(CCCCCC)=C(C(S%10)=CC(CCCCCC)=C%10C%11=C(Cl)C=C(S%11)/C=C%12SC(N(C\%12=O)C(CCCC)CC)=S)S9)S8)C(C%13=CC(SCC(CCCC)CC)=CC=C%13)=C6S5)S4)S3,-5,06,-3,2,569,CF,BO-4Cl,-5,57,-4,14,835,0,835,22,26,73,6,13,7,01:01,[8]
BM-ClEH,O=C(N(C(CCCC)CC)C(S/1)=S)C1=C\C2=CC(Cl)=C(S2)C3=C(CCCCCC)C=C(C4=C(CCCCCC)C=C(C5=CC6=C(C7=CC(SCC(CCCC)CC)=CC=C7)C8=C(C=C(C9=CC(CCCCCC)=C(C(S%10)=CC(CCCCCC)=C%10C%11=C(Cl)C=C(S%11)/C=C%12SC(N(C\%12=O)C(CCCC)CC)=S)S9)S8)C(C%13=CC(SCC(CCCC)CC)=CC=C%13)=C6S5)S4)S3,-5,06,-3,2,569,THF,BO-4Cl,-5,57,-4,14,835,0,846,24,38,72,7,15,01:01,[8]
BDTT-TR,O=C(N(CC)C(S/1)=S)C1=C\C2=CC(CCCCCCCC)=C(S2)C3=CC=C(C4=C(CCCCCCCC)C=C(C5=CC6=C(C7=CC=C(CC(CCCC)CC)S7)C(SC(C8=CC(CCCCCCCC)=C(C(S9)=CC=C9C%10=C(CCCCCCCC)C=C(S%10)/C=C%11SC(N(C\%11=O)CC)=S)S8)=C%12)=C%12C(C%13=CC=C(CC(CC)CCCC)S%13)=C6S5)S4)S3,-5,17,-3,43,708,THF,Y6,-5,7,-4,08,833,0,784,20,56,47,74,7,7,01:01,[10]
BDTT-TR,O=C(N(CC)C(S/1)=S)C1=C\C2=CC(CCCCCCCC)=C(S2)C3=CC=C(C4=C(CCCCCCCC)C=C(C5=CC6=C(C7=CC=C(CC(CCCC)CC)S7)C(SC(C8=CC(CCCCCCCC)=C(C(S9)=CC=C9C%10=C(CCCCCCCC)C=C(S%10)/C=C%11SC(N(C\%11=O)CC)=S)S8)=C%12)=C%12C(C%13=CC=C(CC(CC)CCCC)S%13)=C6S5)S4)S3,-5,17,-3,43,708,THF,Y6,-5,7,-4,08,833,0,793,23,4,54,57,10,12,1,2:1,[10]
BDTT-TR,O=C(N(CC)C(S/1)=S)C1=C\C2=CC(CCCCCCCC)=C(S2)C3=CC=C(C4=C(CCCCCCCC)C=C(C5=CC6=C(C7=CC=C(CC(CCCC)CC)S7)C(SC(C8=CC(CCCCCCCC)=C(C(S9)=CC=C9C%10=C(CCCCCCCC)C=C(S%10)/C=C%11SC(N(C\%11=O)CC)=S)S8)=C%12)=C%12C(C%13=CC=C(CC(CC)CCCC)S%13)=C6S5)S4)S3,-5,17,-3,43,708,THF,Y6,-5,7,-4,08,833,0,786,23,57,58,57,10,92,1,4:1,[10]
BDTT-TR,O=C(N(CC)C(S/1)=S)C1=C\C2=CC(CCCCCCCC)=C(S2)C3=CC=C(C4=C(CCCCCCCC)C=C(C5=CC6=C(C7=CC=C(CC(CCCC)CC)S7)C(SC(C8=CC(CCCCCCCC)=C(C(S9)=CC=C9C%10=C(CCCCCCCC)C=C(S%10)/C=C%11SC(N(C\%11=O)CC)=S)S8)=C%12)=C%12C(C%13=CC=C(CC(CC)CCCC)S%13)=C6S5)S4)S3,-5,17,-3,43,708,THF,Y6,-5,7,-4,08,833,0,78,22,45,58,94,11,18,1,6:1,[10]
BDTT-TR,O=C(N(CC)C(S/1)=S)C1=C\C2=CC(CCCCCCCC)=C(S2)C3=CC=C(C4=C(CCCCCCCC)C=C(C5=CC6=C(C7=CC=C(CC(CCCC)CC)S7)C(SC(C8=CC(CCCCCCCC)=C(C(S9)=CC=C9C%10=C(CCCCCCCC)C=C(S%10)/C=C%11SC(N(C\%11=O)CC)=S)S8)=C%12)=C%12C(C%13=CC=C(CC(CC)CCCC)S%13)=C6S5)S4)S3,-5,17,-3,43,708,THF,Y6,-5,7,-4,08,833,0,78,23,64,66,06,12,18,1,8:1,[10]
BDTT-TR,O=C(N(CC)C(S/1)=S)C1=C\C2=CC(CCCCCCCC)=C(S2)C3=CC=C(C4=C(CCCCCCCC)C=C(C5=CC6=C(C7=CC=C(CC(CCCC)CC)S7)C(SC(C8=CC(CCCCCCCC)=C(C(S9)=CC=C9C%10=C(CCCCCCCC)C=C(S%10)/C=C%11SC(N(C\%11=O)CC)=S)S8)=C%12)=C%12C(C%13=CC=C(CC(CC)CCCC)S%13)=C6S5)S4)S3,-5,17,-3,43,708,THF,Y6,-5,7,-4,08,833,0,785,23,52,64,51,11,92,02:01,[10]
TBFT-TR,O=C(N(CC)C(S/1)=S)C1=C\C2=CC(CCCCCCCC)=C(S2)C3=CC=C(C4=C(CCCCCCCC)C=C(C5=CC6=C(C7=CC=C(CC(CCCC)CC)S7)C(SC(C8=CC(CCCCCCCC)=C(C(S9)=CC=C9C%10=C(CCCCCCCC)C=C(S%10)/C=C%11SC(N(C\%11=O)CC)=S)S8)=C%12)=C%12C(C%13=CC=C(CC(CC)CCCC)S%13)=C6O5)S4)S3,-5,16,-3,46,727,THF,Y6,-5,7,-4,08,833,0,785,22,69,48,92,8,71,01:01,[10]
TBFT-TR,O=C(N(CC)C(S/1)=S)C1=C\C2=CC(CCCCCCCC)=C(S2)C3=CC=C(C4=C(CCCCCCCC)C=C(C5=CC6=C(C7=CC=C(CC(CCCC)CC)S7)C(SC(C8=CC(CCCCCCCC)=C(C(S9)=CC=C9C%10=C(CCCCCCCC)C=C(S%10)/C=C%11SC(N(C\%11=O)CC)=S)S8)=C%12)=C%12C(C%13=CC=C(CC(CC)CCCC)S%13)=C6O5)S4)S3,-5,16,-3,46,727,THF,Y6,-5,7,-4,08,833,0,779,23,52,59,29,10,86,1,2:1,[10]
TBFT-TR,O=C(N(CC)C(S/1)=S)C1=C\C2=CC(CCCCCCCC)=C(S2)C3=CC=C(C4=C(CCCCCCCC)C=C(C5=CC6=C(C7=CC=C(CC(CCCC)CC)S7)C(SC(C8=CC(CCCCCCCC)=C(C(S9)=CC=C9C%10=C(CCCCCCCC)C=C(S%10)/C=C%11SC(N(C\%11=O)CC)=S)S8)=C%12)=C%12C(C%13=CC=C(CC(CC)CCCC)S%13)=C6O5)S4)S3,-5,16,-3,46,727,THF,Y6,-5,7,-4,08,833,0,78,23,59,64,4,11,85,1,4:1,[10]
TBFT-TR,O=C(N(CC)C(S/1)=S)C1=C\C2=CC(CCCCCCCC)=C(S2)C3=CC=C(C4=C(CCCCCCCC)C=C(C5=CC6=C(C7=CC=C(CC(CCCC)CC)S7)C(SC(C8=CC(CCCCCCCC)=C(C(S9)=CC=C9C%10=C(CCCCCCCC)C=C(S%10)/C=C%11SC(N(C\%11=O)CC)=S)S8)=C%12)=C%12C(C%13=CC=C(CC(CC)CCCC)S%13)=C6O5)S4)S3,-5,16,-3,46,727,THF,Y6,-5,7,-4,08,833,0,784,24,32,67,27,12,83,1,6:1,[10]
TBFT-TR,O=C(N(CC)C(S/1)=S)C1=C\C2=CC(CCCCCCCC)=C(S2)C3=CC=C(C4=C(CCCCCCCC)C=C(C5=CC6=C(C7=CC=C(CC(CCCC)CC)S7)C(SC(C8=CC(CCCCCCCC)=C(C(S9)=CC=C9C%10=C(CCCCCCCC)C=C(S%10)/C=C%11SC(N(C\%11=O)CC)=S)S8)=C%12)=C%12C(C%13=CC=C(CC(CC)CCCC)S%13)=C6O5)S4)S3,-5,16,-3,46,727,THF,Y6,-5,7,-4,08,833,0,784,24,59,72,78,14,03,1,8:1,[10]
TBFT-TR,O=C(N(CC)C(S/1)=S)C1=C\C2=CC(CCCCCCCC)=C(S2)C3=CC=C(C4=C(CCCCCCCC)C=C(C5=CC6=C(C7=CC=C(CC(CCCC)CC)S7)C(SC(C8=CC(CCCCCCCC)=C(C(S9)=CC=C9C%10=C(CCCCCCCC)C=C(S%10)/C=C%11SC(N(C\%11=O)CC)=S)S8)=C%12)=C%12C(C%13=CC=C(CC(CC)CCCC)S%13)=C6O5)S4)S3,-5,16,-3,46,727,THF,Y6,-5,7,-4,08,833,0,785,24,21,69,15,13,14,02:01,[10]
TBFT-TR,O=C(N(CC)C(S/1)=S)C1=C\C2=CC(CCCCCCCC)=C(S2)C3=CC=C(C4=C(CCCCCCCC)C=C(C5=CC6=C(C7=CC=C(CC(CCCC)CC)S7)C(SC(C8=CC(CCCCCCCC)=C(C(S9)=CC=C9C%10=C(CCCCCCCC)C=C(S%10)/C=C%11SC(N(C\%11=O)CC)=S)S8)=C%12)=C%12C(C%13=CC=C(CC(CC)CCCC)S%13)=C6O5)S4)S3,-5,16,-3,46,727,THF,N3,-5,64,-4,08,751,0,774,24,5,72,57,13,76,1,8:1,[10]
BSCl-C1,ClC1=C(SCC(CC)CCCC)SC(C2=C3C(SC(C4=C(C(S5)=C(S4)C=C5C6=C(C=C(S6)/C=C7SC(N(C\7=O)C(CC)CCCC)=O)CCCCCC)CCCCCC)=C3)=C(C8=CC(Cl)=C(S8)SCC(CCCC)CC)C9=C2SC(C%10=C(CCCCCC)C%11=C(C=C(C%12=C(CCCCCC)C=C(/C=C%13C(N(C(CCCC)CC)C(S/%13)=O)=O)S%12)S%11)S%10)=C9)=C1,-5,59,-3,34,664,6,CF,IDIC-4Cl,-5,88,-3,98,755,8,0,564,4,7,33,9,0,9,1,5:1,[11]
BSCl-C2,ClC1=C(SCC(CC)CCCC)SC(C2=C3C(SC(C4=C(C(S5)=C(S4)C=C5C6=C(C=C(S6)/C=C7SC(N(CC(CC)CCCC)C\7=O)=O)CCCCCC)CCCCCC)=C3)=C(C8=CC(Cl)=C(S8)SCC(CCCC)CC)C9=C2SC(C%10=C(CCCCCC)C%11=C(C=C(C%12=C(CCCCCC)C=C(/C=C%13C(N(CC(CCCC)CC)C(S/%13)=O)=O)S%12)S%11)S%10)=C9)=C1,-5,58,-3,39,680,7,CF,IDIC-4Cl,-5,88,-3,98,755,8,0,865,20,1,71,3,12,4,1,5:1,[11]
BSCl-C3,ClC1=C(SCC(CC)CCCC)SC(C2=C3C(SC(C4=C(C(S5)=C(S4)C=C5C6=C(C=C(S6)/C=C7SC(N(CCC(CC)CCCC)C\7=O)=O)CCCCCC)CCCCCC)=C3)=C(C8=CC(Cl)=C(S8)SCC(CCCC)CC)C9=C2SC(C%10=C(CCCCCC)C%11=C(C=C(C%12=C(CCCCCC)C=C(/C=C%13C(N(CCC(CCCC)CC)C(S/%13)=O)=O)S%12)S%11)S%10)=C9)=C1,-5,55,-3,37,675,4,CF,IDIC-4Cl,-5,88,-3,98,755,8,0,87,14,2,67,8,25,1,5:1,[11]
ZR1,O=C(/C(S1)=C\C(S2)=CC=C2C3=C(CCCCCCCC)C=C(C(S4)=CC5=C4C6=C(C7=CC=C(CCC(CCCC)CCCCCC)S7)C(SC8=C9SC(C%10=CC(CCCCCCCC)=C(C%11=CC=C(/C=C%12SC(N(CCCCCC)C/%12=O)=S)S%11)S%10)=C8)=C9C(C(S%13)=CC=C%13CC(CCCCCC)CCCC)=C6S5)S3)N(CCCCCC)C1=S,-5,32,-3,35,620,CF,Y6,-5,72,-4,1,820,0,855,20,56,67,07,11,8,01:00,4,[11]
ZR1,O=C(/C(S1)=C\C(S2)=CC=C2C3=C(CCCCCCCC)C=C(C(S4)=CC5=C4C6=C(C7=CC=C(CCC(CCCC)CCCCCC)S7)C(SC8=C9SC(C%10=CC(CCCCCCCC)=C(C%11=CC=C(/C=C%12SC(N(CCCCCC)C/%12=O)=S)S%11)S%10)=C8)=C9C(C(S%13)=CC=C%13CC(CCCCCC)CCCC)=C6S5)S3)N(CCCCCC)C1=S,-5,32,-3,35,620,CF,Y6,-5,72,-4,1,820,0,861,24,34,68,44,14,34,01:00,5,[11]
ZR1,O=C(/C(S1)=C\C(S2)=CC=C2C3=C(CCCCCCCC)C=C(C(S4)=CC5=C4C6=C(C7=CC=C(CCC(CCCC)CCCCCC)S7)C(SC8=C9SC(C%10=CC(CCCCCCCC)=C(C%11=CC=C(/C=C%12SC(N(CCCCCC)C/%12=O)=S)S%11)S%10)=C8)=C9C(C(S%13)=CC=C%13CC(CCCCCC)CCCC)=C6S5)S3)N(CCCCCC)C1=S,-5,32,-3,35,620,CF,Y6,-5,72,-4,1,820,0,869,21,18,62,24,11,46,01:06,0,[13]
ZR1,O=C(/C(S1)=C\C(S2)=CC=C2C3=C(CCCCCCCC)C=C(C(S4)=CC5=C4C6=C(C7=CC=C(CCC(CCCC)CCCCCC)S7)C(SC8=C9SC(C%10=CC(CCCCCCCC)=C(C%11=CC=C(/C=C%12SC(N(CCCCCC)C/%12=O)=S)S%11)S%10)=C8)=C9C(C(S%13)=CC=C%13CC(CCCCCC)CCCC)=C6S5)S3)N(CCCCCC)C1=S,-5,32,-3,35,620,CF,IDIC-4Cl,-5,91,-4,1,756,0,789,17,14,66,37,9,08,01:00,4,
ZR1,O=C(/C(S1)=C\C(S2)=CC=C2C3=C(CCCCCCCC)C=C(C(S4)=CC5=C4C6=C(C7=CC=C(CCC(CCCC)CCCCCC)S7)C(SC8=C9SC(C%10=CC(CCCCCCCC)=C(C%11=CC=C(/C=C%12SC(N(CCCCCC)C/%12=O)=S)S%11)S%10)=C8)=C9C(C(S%13)=CC=C%13CC(CCCCCC)CCCC)=C6S5)S3)N(CCCCCC)C1=S,-5,32,-3,35,620,CF,IDIC-4Cl,-5,91,-4,1,756,0,776,18,27,67,96,9,64,01:00,5,
ZR1,O=C(/C(S1)=C\C(S2)=CC=C2C3=C(CCCCCCCC)C=C(C(S4)=CC5=C4C6=C(C7=CC=C(CCC(CCCC)CCCCCC)S7)C(SC8=C9SC(C%10=CC(CCCCCCCC)=C(C%11=CC=C(/C=C%12SC(N(CCCCCC)C/%12=O)=S)S%11)S%10)=C8)=C9C(C(S%13)=CC=C%13CC(CCCCCC)CCCC)=C6S5)S3)N(CCCCCC)C1=S,-5,32,-3,35,620,CF,IDIC-4Cl,-5,91,-4,1,756,0,785,17,53,66,03,9,2,01:06,0,
DCAO3TBDTT,O=C(OCC(CC)CCCC)/C(C#N)=C/C1=CC(CCCCCCCC)=C(C2=CC=C(S2)C(SC(C3=CC4=C(S3)C(C5=CC=C(SCC(CC)CCCC)S5)=C6C(SC(C(S7)=CC(CCCCCCCC)=C7C8=CC=C(C9=C(CCCCCCCC)C=C(/C=C(C#N)/C(OCC(CCCC)CC)=O)S9)S8)=C6)=C4C%10=CC=C(S%10)SCC(CCCC)CC)=C%11)=C%11CCCCCCCC)S1,-5,37,-3,38,567,CN,Y6,-5,65,-4,1,833,0,804,21,71,60,95,10,64,02:01,[12]
BTEC-1F,FC1=C(SCC(CC)CCCC)SC(C2=C3C(SC(C(S4)=CC(CCCCCCCC)=C4C5=CC=C(C6=C(CCCCCCCC)C=C(/C=C(C#N)/C(OCC(CCC)CC)=O)S6)S5)=C3)=C(C7=CC(F)=C(S7)SCC(CCCC)CC)C8=C2SC(C9=CC(CCCCCCCC)=C(C(S%10)=CC=C%10C%11=C(CCCCCCCC)C=C(S%11)/C=C(C(OCC(CC)CCCC)=O)\C#N)S9)=C8)=C1,-5,39,-3,37,561,CN,Y6,-5,65,-4,1,833,0,87,21,21,61,35,11,33,02:01,[12]
BTEC-2F,FC1=C(SCC(CC)CCCC)SC(C2=C3C(SC(C(S4)=CC(CCCCCCCC)=C4C5=CC=C(C6=C(CCCCCCCC)C=C(/C=C(C#N)/C(OCC(CCCC)CC)=O)S6)S5)=C3)=C(C7=C(F)C(F)=C(S7)SCC(CCCC)CC)C8=C2SC(C9=CC(CCCCCCCC)=C(C(S%10)=CC=C%10C%11=C(CCCCCCCC)C=C(S%11)/C=C(C(OCC(CC)CCCC)=O)\C#N)S9)=C8)=C1F,-5,39,-3,38,561,CN,Y6,-5,65,-4,1,833,0,854,21,55,72,35,13,34,02:01,[12]
BT-2F,FC1=C(SCC(CCCC)CC)SC(C2=C3C(SC(C(S4)=CC(CCCCCC)=C4C5=CC(CCCCCC)=C(C6=CC=C(/C=C(C#N)/C(OCC(CCCC)CC)=O)S6)S5)=C3)=C(C7=C(F)C(F)=C(S7)SCC(CC)CCCC)C8=C2SC(C9=CC(CCCCCC)=C(C(S%10)=CC(CCCCCC)=C%10C%11=CC=C(S%11)/C=C(C(OCC(CC)CCCC)=O)\C#N)S9)=C8)=C1F,-5,4,-4,4,554,CF,Y6,-5,65,-4,1,833,0,853,22,38,72,27,13,8,01:01,[14]
SM1-F,O=C(OCC(CC)CCCC)/C(C#N)=C/C1=CC(CCCCCCCC)=C(C2=CC=C(S2)C3=C(CCCCCCCC)C=C(C4=CC5=C(S4)C(C6=CC(F)=C(C(CCCC)CC)S6)=C7C(SC(C(S8)=CC(CCCCCCCC)=C8C9=CC=C(C%10=C(CCCCCCCC)C=C(/C=C(C#N)/C(OCC(CC)CCCC)=O)S%10)S9)=C7)=C5C%11=CC(F)=C(CC(CCCC)CC)S%11)S3)S1,-5,37,-2,81,556,CF,Y6,-5,65,-4,1,833,0,866,23,25,69,9,14,07,2,2:1,[15]
SM1,O=C(OCC(CC)CCCC)/C(C#N)=C/C1=CC(CCCCCCCC)=C(C2=CC=C(S2)C3=C(CCCCCCCC)C=C(C4=CC5=C(S4)C(C6=CC=C(C(CCCC)CC)S6)=C7C(SC(C(S8)=CC(CCCCCCCC)=C8C9=CC=C(C%10=C(CCCCCCCC)C=C(/C=C(C#N)/C(OCC(CC)CCCC)=O)S%10)S9)=C7)=C5C%11=CC=C(CC(CCCC)CC)S%11)S3)S1,-5,25,-2,78,567,CF,Y6,-5,65,-4,1,833,0,805,23,59,67,12,72,2,2:1,[15]
SM1-S,O=C(OCC(CC)CCCC)/C(C#N)=C/C1=CC(CCCCCCCC)=C(C2=CC=C(S2)C3=C(CCCCCCCC)C=C(C4=CC5=C(S4)C(C6=CC=C(SCC(CCCC)CC)S6)=C7C(SC(C(S8)=CC(CCCCCCCC)=C8C9=CC=C(C%10=C(CCCCCCCC)C=C(/C=C(C#N)/C(OCC(CC)CCCC)=O)S%10)S9)=C7)=C5C%11=CC=C(S%11)SCC(CCCC)CC)S3)S1,-5,32,-2,81,562,CF,Y6,-5,65,-4,1,833,0,825,23,23,67,7,12,94,2,2:1,[15]
BTTzR,O=C(N(CCCC)C(S/1)=S)C1=C\C(S2)=C(C(CC)CCCC)C=C2C3=NC(S4)=C(S3)N=C4C5=CC(C(CC)CCCC)=C(S5)C6=CC7=C(C8=CC(C(CCCC)CC)=C(CCCCCC)S8)C9=C(C=C(C%10=C(C(CC)CCCC)C=C(C%11=NC(SC(C%12=CC(C(CC)CCCC)=C(/C=C%13C(N(CCCC)C(S/%13)=S)=O)S%12)=N%14)=C%14S%11)S%10)S9)C(C%15=CC(C(CCCC)CC)=C(CCCCCC)S%15)=C7S6,-5,58,-3,59,575,CF,Y6,-5,65,-4,1,833,0,88,23,2,68,13,9,01:01,[133]
S-BF,O=C(/C(S1)=C\C(S2)=CC=C2C3=C(C)C=C(S3)C(S4)=C(C)C=C4C5=CC6=C(C7=CC=C(SCC(C)C)C(F)=C7)C(SC(C(S8)=CC(C)=C8C9=CC(C)=C(S9)C(S%10)=CC=C%10/C=C%11C(N(C(S\%11)=S)C)=O)=C%12)=C%12C(C%13=CC=C(SCC(C)C)C(F)=C%13)=C6S5)N(C)C1=S,-5,32,-2,8,624,CB,L8-BO,-5,69,-3,91,800,0,885,24,91,63,44,13,99,01:01,[16]
S-BF,O=C(/C(S1)=C\C(S2)=CC=C2C3=C(C)C=C(S3)C(S4)=C(C)C=C4C5=CC6=C(C7=CC=C(SCC(C)C)C(F)=C7)C(SC(C(S8)=CC(C)=C8C9=CC(C)=C(S9)C(S%10)=CC=C%10/C=C%11C(N(C(S\%11)=S)C)=O)=C%12)=C%12C(C%13=CC=C(SCC(C)C)C(F)=C%13)=C6S5)N(C)C1=S,-5,32,-2,8,624,CB,L8-BO,-5,69,-3,91,800,0,86,23,61,70,48,14,31,1,2:1,[16]
S-BF,O=C(/C(S1)=C\C(S2)=CC=C2C3=C(C)C=C(S3)C(S4)=C(C)C=C4C5=CC6=C(C7=CC=C(SCC(C)C)C(F)=C7)C(SC(C(S8)=CC(C)=C8C9=CC(C)=C(S9)C(S%10)=CC=C%10/C=C%11C(N(C(S\%11)=S)C)=O)=C%12)=C%12C(C%13=CC=C(SCC(C)C)C(F)=C%13)=C6S5)N(C)C1=S,-5,32,-2,8,624,CB,L8-BO,-5,69,-3,91,800,0,868,22,91,69,39,14,92,1,4:1,[16]
S-BF,O=C(/C(S1)=C\C(S2)=CC=C2C3=C(C)C=C(S3)C(S4)=C(C)C=C4C5=CC6=C(C7=CC=C(SCC(C)C)C(F)=C7)C(SC(C(S8)=CC(C)=C8C9=CC(C)=C(S9)C(S%10)=CC=C%10/C=C%11C(N(C(S\%11)=S)C)=O)=C%12)=C%12C(C%13=CC=C(SCC(C)C)C(F)=C%13)=C6S5)N(C)C1=S,-5,32,-2,8,624,CB,L8-BO,-5,69,-3,91,800,0,863,21,44,73,23,13,23,1,6:1,[16]
S-TCp,O=C(/C(S1)=C\C(S2)=CC=C2C3=C(C)C=C(S3)C(S4)=C(C)C=C4C5=CC6=C(C7=CC(Cl)=C(CCCCCCC8CCCC8)S7)C(SC(C(S9)=CC(C)=C9C%10=CC(C)=C(S%10)C(S%11)=CC=C%11/C=C%12C(N(C(S\%12)=S)C)=O)=C%13)=C%13C(C%14=CC(Cl)=C(CCCCCCC%15CCCC%15)S%14)=C6S5)N(C)C1=S,-5,27,-2,76,627,CB,L8-BO,-5,69,-3,91,800,0,856,25,48,66,41,14,5,01:01,[16]
S-TCp,O=C(/C(S1)=C\C(S2)=CC=C2C3=C(C)C=C(S3)C(S4)=C(C)C=C4C5=CC6=C(C7=CC(Cl)=C(CCCCCCC8CCCC8)S7)C(SC(C(S9)=CC(C)=C9C%10=CC(C)=C(S%10)C(S%11)=CC=C%11/C=C%12C(N(C(S\%12)=S)C)=O)=C%13)=C%13C(C%14=CC(Cl)=C(CCCCCCC%15CCCC%15)S%14)=C6S5)N(C)C1=S,-5,27,-2,76,627,CB,L8-BO,-5,69,-3,91,800,0,861,25,07,70,95,15,33,1,2:1,[16]
S-TCp,O=C(/C(S1)=C\C(S2)=CC=C2C3=C(C)C=C(S3)C(S4)=C(C)C=C4C5=CC6=C(C7=CC(Cl)=C(CCCCCCC8CCCC8)S7)C(SC(C(S9)=CC(C)=C9C%10=CC(C)=C(S%10)C(S%11)=CC=C%11/C=C%12C(N(C(S\%12)=S)C)=O)=C%13)=C%13C(C%14=CC(Cl)=C(CCCCCCC%15CCCC%15)S%14)=C6S5)N(C)C1=S,-5,27,-2,76,627,CB,L8-BO,-5,69,-3,91,800,0,87,24,59,73,83,15,77,1,4:1,[16]
S-TCp,O=C(/C(S1)=C\C(S2)=CC=C2C3=C(C)C=C(S3)C(S4)=C(C)C=C4C5=CC6=C(C7=CC(Cl)=C(CCCCCCC8CCCC8)S7)C(SC(C(S9)=CC(C)=C9C%10=CC(C)=C(S%10)C(S%11)=CC=C%11/C=C%12C(N(C(S\%12)=S)C)=O)=C%13)=C%13C(C%14=CC(Cl)=C(CCCCCCC%15CCCC%15)S%14)=C6S5)N(C)C1=S,-5,27,-2,76,627,CB,L8-BO,-5,69,-3,91,800,0,863,21,47,73,22,13,56,1,6:1,[16]
As-TCp,O=C(/C(S1)=C\C(S2)=CC=C2C3=C(C)C=C(S3)C(S4)=C(C)C=C4C5=CC6=C(C7=CC(Cl)=C(CCCCCCC8CCCC8)S7)C(SC(C(S9)=CC(C)=C9C%10=CC(C)=C(S%10)C(S%11)=CC=C%11/C=C%12C(N(C(S\%12)=S)C)=O)=C%13)=C%13C(C%14=CC=C(SCC(C)C)C(F)=C%14)=C6S5)N(C)C1=S,-5,3,-2,78,626,CB,L8-BO,-5,69,-3,91,800,0,878,23,83,69,22,14,49,01:01,[16]
As-TCp,O=C(/C(S1)=C\C(S2)=CC=C2C3=C(C)C=C(S3)C(S4)=C(C)C=C4C5=CC6=C(C7=CC(Cl)=C(CCCCCCC8CCCC8)S7)C(SC(C(S9)=CC(C)=C9C%10=CC(C)=C(S%10)C(S%11)=CC=C%11/C=C%12C(N(C(S\%12)=S)C)=O)=C%13)=C%13C(C%14=CC=C(SCC(C)C)C(F)=C%14)=C6S5)N(C)C1=S,-5,3,-2,78,626,CB,L8-BO,-5,69,-3,91,800,0,869,24,5,70,54,14,98,1,2:1,[16]
As-TCp,O=C(/C(S1)=C\C(S2)=CC=C2C3=C(C)C=C(S3)C(S4)=C(C)C=C4C5=CC6=C(C7=CC(Cl)=C(CCCCCCC8CCCC8)S7)C(SC(C(S9)=CC(C)=C9C%10=CC(C)=C(S%10)C(S%11)=CC=C%11/C=C%12C(N(C(S\%12)=S)C)=O)=C%13)=C%13C(C%14=CC=C(SCC(C)C)C(F)=C%14)=C6S5)N(C)C1=S,-5,3,-2,78,626,CB,L8-BO,-5,69,-3,91,800,0,873,25,17,74,9,16,46,1,4:1,[16]
As-TCp,O=C(/C(S1)=C\C(S2)=CC=C2C3=C(C)C=C(S3)C(S4)=C(C)C=C4C5=CC6=C(C7=CC(Cl)=C(CCCCCCC8CCCC8)S7)C(SC(C(S9)=CC(C)=C9C%10=CC(C)=C(S%10)C(S%11)=CC=C%11/C=C%12C(N(C(S\%12)=S)C)=O)=C%13)=C%13C(C%14=CC=C(SCC(C)C)C(F)=C%14)=C6S5)N(C)C1=S,-5,3,-2,78,626,CB,L8-BO,-5,69,-3,91,800,0,866,24,31,73,84,15,54,1,6:1,[16]
SM-R,O=C(/C(S1)=C\C(S2)=CC=C2C3=C(C)C=C(S3)C(S4)=C(C)C=C4C5=CC6=C(C7=C(F)C(F)=C(SCC(C)C)S7)C(SC(C(S8)=CC(C)=C8C9=CC(C)=C(S9)C(S%10)=CC=C%10/C=C%11C(N(C(S\%11)=S)C)=O)=C%12)=C%12C(C(S%13)=C(F)C(F)=C%13SCC(C)C)=C6S5)N(C)C1=S,-5,35,-3,57,578,CF,N3,-5,64,-4,08,751,0,84,22,84,58,78,11,32,01:01,5,[17]
SM-R,O=C(/C(S1)=C\C(S2)=CC=C2C3=C(C)C=C(S3)C(S4)=C(C)C=C4C5=CC6=C(C7=C(F)C(F)=C(SCC(C)C)S7)C(SC(C(S8)=CC(C)=C8C9=CC(C)=C(S9)C(S%10)=CC=C%10/C=C%11C(N(C(S\%11)=S)C)=O)=C%12)=C%12C(C(S%13)=C(F)C(F)=C%13SCC(C)C)=C6S5)N(C)C1=S,-5,35,-3,57,578,CF,N3,-5,64,-4,08,751,0,86,24,64,66,2,14,01:01,[17]
SM-R,O=C(/C(S1)=C\C(S2)=CC=C2C3=C(C)C=C(S3)C(S4)=C(C)C=C4C5=CC6=C(C7=C(F)C(F)=C(SCC(C)C)S7)C(SC(C(S8)=CC(C)=C8C9=CC(C)=C(S9)C(S%10)=CC=C%10/C=C%11C(N(C(S\%11)=S)C)=O)=C%12)=C%12C(C(S%13)=C(F)C(F)=C%13SCC(C)C)=C6S5)N(C)C1=S,-5,35,-3,57,578,CF,N3,-5,64,-4,08,751,0,85,24,18,66,92,13,69,1,5:1,[17]
SM-REH,O=C(/C(S1)=C\C(S2)=CC=C2C3=C(C)C=C(S3)C(S4)=C(C)C=C4C5=CC6=C(C7=C(F)C(F)=C(SCC(C)C)S7)C(SC(C(S8)=CC(C)=C8C9=CC(C)=C(S9)C(S%10)=CC=C%10/C=C%11C(N(C(S\%11)=S)C(C)C)=O)=C%12)=C%12C(C(S%13)=C(F)C(F)=C%13SCC(C)C)=C6S5)N(C(C)C)C1=S,-5,4,-3,56,573,CF,N3,-5,64,-4,08,751,0,85,24,81,67,77,14,25,01:01,5,[17]
SM-REH,O=C(/C(S1)=C\C(S2)=CC=C2C3=C(C)C=C(S3)C(S4)=C(C)C=C4C5=CC6=C(C7=C(F)C(F)=C(SCC(C)C)S7)C(SC(C(S8)=CC(C)=C8C9=CC(C)=C(S9)C(S%10)=CC=C%10/C=C%11C(N(C(S\%11)=S)C(C)C)=O)=C%12)=C%12C(C(S%13)=C(F)C(F)=C%13SCC(C)C)=C6S5)N(C(C)C)C1=S,-5,4,-3,56,573,CF,N3,-5,64,-4,08,751,0,85,25,42,72,4,15,6,01:01,[17]
SM-REH,O=C(/C(S1)=C\C(S2)=CC=C2C3=C(C)C=C(S3)C(S4)=C(C)C=C4C5=CC6=C(C7=C(F)C(F)=C(SCC(C)C)S7)C(SC(C(S8)=CC(C)=C8C9=CC(C)=C(S9)C(S%10)=CC=C%10/C=C%11C(N(C(S\%11)=S)C(C)C)=O)=C%12)=C%12C(C(S%13)=C(F)C(F)=C%13SCC(C)C)=C6S5)N(C(C)C)C1=S,-5,4,-3,56,573,CF,N3,-5,64,-4,08,751,0,85,25,03,69,46,14,71,1,5:1,[17]
SM-EH-R,O=C(/C(S1)=C\C(S2)=CC=C2C3=C(C(C)C)C=C(S3)C(S4)=C(C)C=C4C5=CC6=C(C7=C(F)C(F)=C(SCC(C)C)S7)C(SC(C(S8)=CC(C)=C8C9=CC(C(C)C)=C(S9)C(S%10)=CC=C%10/C=C%11C(N(C(S\%11)=S)C(C)C)=O)=C%12)=C%12C(C(S%13)=C(F)C(F)=C%13SCC(C)C)=C6S5)N(C(C)C)C1=S,-5,41,-3,57,570,CF,N3,-5,64,-4,08,751,0,86,20,82,63,08,11,29,01:01,5,[17]
SM-EH-R,O=C(/C(S1)=C\C(S2)=CC=C2C3=C(C(C)C)C=C(S3)C(S4)=C(C)C=C4C5=CC6=C(C7=C(F)C(F)=C(SCC(C)C)S7)C(SC(C(S8)=CC(C)=C8C9=CC(C(C)C)=C(S9)C(S%10)=CC=C%10/C=C%11C(N(C(S\%11)=S)C(C)C)=O)=C%12)=C%12C(C(S%13)=C(F)C(F)=C%13SCC(C)C)=C6S5)N(C(C)C)C1=S,-5,41,-3,57,570,CF,N3,-5,64,-4,08,751,0,85,23,73,71,3,14,4,01:01,[17]
SM-EH-R,O=C(/C(S1)=C\C(S2)=CC=C2C3=C(C(C)C)C=C(S3)C(S4)=C(C)C=C4C5=CC6=C(C7=C(F)C(F)=C(SCC(C)C)S7)C(SC(C(S8)=CC(C)=C8C9=CC(C(C)C)=C(S9)C(S%10)=CC=C%10/C=C%11C(N(C(S\%11)=S)C(C)C)=O)=C%12)=C%12C(C(S%13)=C(F)C(F)=C%13SCC(C)C)=C6S5)N(C(C)C)C1=S,-5,41,-3,57,570,CF,N3,-5,64,-4,08,751,0,86,21,62,61,24,11,39,1,5:1,[17]
SM-EH-REH,O=C(/C(S1)=C\C(S2)=CC=C2C3=C(C(CCCC)CC)C=C(S3)C(S4)=C(CCCCCC)C=C4C5=CC6=C(C7=C(F)C(F)=C(SCC(CC)CCCC)S7)C(SC(C(S8)=CC(CCCCCC)=C8C9=CC(C(CC)CCCC)=C(S9)C(S%10)=CC=C%10/C=C%11C(N(C(S\%11)=S)CCCCCC)=O)=C%12)=C%12C(C(S%13)=C(F)C(F)=C%13SCC(CC)CCCC)=C6S5)N(CCCCCC)C1=S,-5,41,-3,54,572,CF,N3,-5,64,-4,08,751,0,85,22,89,67,33,13,18,01:01,5,[17]
SM-EH-REH,O=C(/C(S1)=C\C(S2)=CC=C2C3=C(C(CCCC)CC)C=C(S3)C(S4)=C(CCCCCC)C=C4C5=CC6=C(C7=C(F)C(F)=C(SCC(CC)CCCC)S7)C(SC(C(S8)=CC(CCCCCC)=C8C9=CC(C(CC)CCCC)=C(S9)C(S%10)=CC=C%10/C=C%11C(N(C(S\%11)=S)CCCCCC)=O)=C%12)=C%12C(C(S%13)=C(F)C(F)=C%13SCC(CC)CCCC)=C6S5)N(CCCCCC)C1=S,-5,41,-3,54,572,CF,N3,-5,64,-4,08,751,0,85,23,73,71,33,14,39,01:01,[17]
SM-EH-REH,O=C(/C(S1)=C\C(S2)=CC=C2C3=C(C(CCCC)CC)C=C(S3)C(S4)=C(CCCCCC)C=C4C5=CC6=C(C7=C(F)C(F)=C(SCC(CC)CCCC)S7)C(SC(C(S8)=CC(CCCCCC)=C8C9=CC(C(CC)CCCC)=C(S9)C(S%10)=CC=C%10/C=C%11C(N(C(S\%11)=S)CCCCCC)=O)=C%12)=C%12C(C(S%13)=C(F)C(F)=C%13SCC(CC)CCCC)=C6S5)N(CCCCCC)C1=S,-5,41,-3,54,572,CF,N3,-5,64,-4,08,751,0,84,24,17,68,85,14,06,1,5:1,[17]
SW1,O=C(/C(S1)=C\C(S2)=CC=C2C3=C(C)C=C(S3)C(S4)=C(C)C=C4C5=CC6=C(C7=CC=C(SCC(C)C)S7)C(SC(C(S8)=CC(C)=C8C9=CC(C)=C(S9)C(S%10)=CC=C%10/C=C%11C(N(C(S\%11)=S)C)=O)=C%12)=C%12C(C(S%13)=CC=C%13SCC(C)C)=C6S5)N(C)C1=S,-5,42,-3,43,581,CF,Y6,-5,7,-4,08,833,0,806,25,09,63,8,12,9,01:00,7,[18]
SW2,O=C(/C(S1)=C\C(S2)=CC=C2C3=C(C)C=C(S3)C(S4)=C(C)C=C4C5=CC6=C(C7=CN=C(SCC(C)C)S7)C(SC(C(S8)=CC(C)=C8C9=CC(C)=C(S9)C(S%10)=CC=C%10/C=C%11C(N(C(S\%11)=S)C)=O)=C%12)=C%12C(C(S%13)=CN=C%13SCC(C)C)=C6S5)N(C)C1=S,-5,47,-3,45,572,CF,Y6,-5,7,-4,08,833,0,83,21,57,67,12,01:00,5,[18]
SW2,O=C(/C(S1)=C\C(S2)=CC=C2C3=C(C)C=C(S3)C(S4)=C(C)C=C4C5=CC6=C(C7=CN=C(SCC(C)C)S7)C(SC(C(S8)=CC(C)=C8C9=CC(C)=C(S9)C(S%10)=CC=C%10/C=C%11C(N(C(S\%11)=S)C)=O)=C%12)=C%12C(C(S%13)=CN=C%13SCC(C)C)=C6S5)N(C)C1=S,-5,47,-3,45,572,CF,Y6,-5,7,-4,08,833,0,829,22,9,72,13,68,01:00,6,[18]
SW2,O=C(/C(S1)=C\C(S2)=CC=C2C3=C(C)C=C(S3)C(S4)=C(C)C=C4C5=CC6=C(C7=CN=C(SCC(C)C)S7)C(SC(C(S8)=CC(C)=C8C9=CC(C)=C(S9)C(S%10)=CC=C%10/C=C%11C(N(C(S\%11)=S)C)=O)=C%12)=C%12C(C(S%13)=CN=C%13SCC(C)C)=C6S5)N(C)C1=S,-5,47,-3,45,572,CF,Y6,-5,7,-4,08,833,0,835,25,1,74,15,51,01:00,7,[18]
SW2,O=C(/C(S1)=C\C(S2)=CC=C2C3=C(C)C=C(S3)C(S4)=C(C)C=C4C5=CC6=C(C7=CN=C(SCC(C)C)S7)C(SC(C(S8)=CC(C)=C8C9=CC(C)=C(S9)C(S%10)=CC=C%10/C=C%11C(N(C(S\%11)=S)C)=O)=C%12)=C%12C(C(S%13)=CN=C%13SCC(C)C)=C6S5)N(C)C1=S,-5,47,-3,45,572,CF,Y6,-5,7,-4,08,833,0,836,24,3,70,1,14,22,01:00,8,[18]
SW2,O=C(/C(S1)=C\C(S2)=CC=C2C3=C(C)C=C(S3)C(S4)=C(C)C=C4C5=CC6=C(C7=CN=C(SCC(C)C)S7)C(SC(C(S8)=CC(C)=C8C9=CC(C)=C(S9)C(S%10)=CC=C%10/C=C%11C(N(C(S\%11)=S)C)=O)=C%12)=C%12C(C(S%13)=CN=C%13SCC(C)C)=C6S5)N(C)C1=S,-5,47,-3,45,572,CF,Y6,-5,7,-4,08,833,0,837,23,68,57,7,11,48,01:01,[18]
SW2,O=C(/C(S1)=C\C(S2)=CC=C2C3=C(C)C=C(S3)C(S4)=C(C)C=C4C5=CC6=C(C7=CN=C(SCC(C)C)S7)C(SC(C(S8)=CC(C)=C8C9=CC(C)=C(S9)C(S%10)=CC=C%10/C=C%11C(N(C(S\%11)=S)C)=O)=C%12)=C%12C(C(S%13)=CN=C%13SCC(C)C)=C6S5)N(C)C1=S,-5,47,-3,45,572,CF,Y6,-5,7,-4,08,833,0,838,23,1,48,3,9,37,01:01,2,[18]
BO-1,O=C(/C(S1)=C\C(S2)=CC=C2C3=C(CCCCCC)C=C(S3)C(S4)=C(CCCCCC)C=C4C5=CC6=C(C7=CN=C(SCC(CCCCCC)CCCC)S7)C(SC(C(S8)=CC(CCCCCC)=C8C9=CC(CCCCCC)=C(S9)C(S%10)=CC=C%10/C=C%11C(N(C(S\%11)=S)C(CCCC)CC)=O)=C%12)=C%12C(C(S%13)=CN=C%13SCC(CCCCCC)CCCC)=C6S5)N(C(CCCC)CC)C1=S,-5,3,-3,51,580,CF,BTP-eC9,-5,64,-4,05,828,0,845,25,56,77,74,16,79,01:00,7,[19]
HD-1,O=C(/C(S1)=C\C(S2)=CC=C2C3=C(CCCCCC)C=C(S3)C(S4)=C(CCCCCC)C=C4C5=CC6=C(C7=CN=C(SCC(CCCCCC)CCCCCCCC)S7)C(SC(C(S8)=CC(CCCCCC)=C8C9=CC(CCCCCC)=C(S9)C(S%10)=CC=C%10/C=C%11C(N(C(S\%11)=S)C(CCCC)CC)=O)=C%12)=C%12C(C(S%13)=CN=C%13SCC(CCCCCC)CCCCCCCC)=C6S5)N(C(CCCC)CC)C1=S,-5,31,-3,46,582,CF,BTP-eC9,-5,64,-4,05,828,0,842,26,04,78,46,17,19,01:00,7,[19]
OD-1,O=C(/C(S1)=C\C(S2)=CC=C2C3=C(CCCCCC)C=C(S3)C(S4)=C(CCCCCC)C=C4C5=CC6=C(C7=CN=C(SCC(CCCCCCCCCC)CCCCCCCC)S7)C(SC(C(S8)=CC(CCCCCC)=C8C9=CC(CCCCCC)=C(S9)C(S%10)=CC=C%10/C=C%11C(N(C(S\%11)=S)C(CCCC)CC)=O)=C%12)=C%12C(C(S%13)=CN=C%13SCC(CCCCCCCCCC)CCCCCCCC)=C6S5)N(C(CCCC)CC)C1=S,-5,36,-3,48,581,CF,BTP-eC9,-5,64,-4,05,828,0,828,25,49,71,89,15,18,01:00,7,[19]
CBTSeHR,O=C1N(CCCCCC)C(S/C1=C/C(S2)=CC(CCCCCCCC)=C2C3=CC=C([Se]3)C4=C(CCCCCCCC)C=C(C5=CC6=C(C7=CC(Cl)=C(CC(CCCC)CC)S7)C(SC(C(S8)=CC(CCCCCCCC)=C8C9=CC=C([Se]9)C(S%10)=C(CCCCCCCC)C=C%10/C=C%11C(N(C(S\%11)=S)CCCCCC)=O)=C%12)=C%12C(C%13=CC(Cl)=C(CC(CCCC)CC)S%13)=C6S5)S4)=S,-5,47,-3,62,631,CF,FO-2Cl,-5,83,-3,9,760,0,881,18,76,73,2,12,1,01:01,1,[20]
ZR1-C3,S=C(N(CCCCCC)C/1=O)SC1=C/C2=CC=C(S2)C(S3)=C(CCCCCCCC)C=C3C4=CC5=C(S4)C6=C(C7=CC=C(CCCC(CCCC)CCCCCC)S7)C8=C(C(SC(C9=CC(CCCCCCCC)=C(C%10=CC=C(/C=C%11SC(N(CCCCCC)C\%11=O)=S)S%10)S9)=C%12)=C%12S8)C(C%13=CC=C(CCCC(CCCC)CCCCCC)S%13)=C6S5,-5,24,-3,53,562,CF,BTP-C11-N2Cl,-5,47,-4,04,800,0,89,20,06,61,23,11,01,01:01,1,[ZR1]
ZR1-C3,S=C(N(CCCCCC)C/1=O)SC1=C/C2=CC=C(S2)C(S3)=C(CCCCCCCC)C=C3C4=CC5=C(S4)C6=C(C7=CC=C(CCCC(CCCC)CCCCCC)S7)C8=C(C(SC(C9=CC(CCCCCCCC)=C(C%10=CC=C(/C=C%11SC(N(CCCCCC)C\%11=O)=S)S%10)S9)=C%12)=C%12S8)C(C%13=CC=C(CCCC(CCCC)CCCCCC)S%13)=C6S5,-5,24,-3,53,562,CF,BTP-eC9-N2F,-5,46,3,96,780,0,9,20,02,62,89,11,44,01:01,1,[ZR1]
ZR1-C3,S=C(N(CCCCCC)C/1=O)SC1=C/C2=CC=C(S2)C(S3)=C(CCCCCCCC)C=C3C4=CC5=C(S4)C6=C(C7=CC=C(CCCC(CCCC)CCCCCC)S7)C8=C(C(SC(C9=CC(CCCCCCCC)=C(C%10=CC=C(/C=C%11SC(N(CCCCCC)C\%11=O)=S)S%10)S9)=C%12)=C%12S8)C(C%13=CC=C(CCCC(CCCC)CCCCCC)S%13)=C6S5,-5,24,-3,53,562,CF,BTP-eC9-N4F,-5,51,-4,02,830,0,86,23,63,69,14,29,01:01,1,[ZR1]
ZR-C8,S=C(N(CCCCCC)C/1=O)SC1=C/C2=CC=C(S2)C(S3)=C(CCCCCCCC)C=C3C4=CC5=C(S4)C6=C(C7=CC=C(CCCCCCCC)S7)C8=C(C(SC(C9=CC(CCCCCCCC)=C(C%10=CC=C(/C=C%11SC(N(CCCCCC)C\%11=O)=S)S%10)S9)=C%12)=C%12S8)C(C%13=CC=C(CCCCCCCC)S%13)=C6S5,-5,32,-2,81,562,CF,Y6,-5,7,-4,08,833,0,829,25,58,8,12,2,01:01,1,[Pilar]
ZR-SiO,S=C(N(CCCCCC)C/1=O)SC1=C/C2=CC=C(S2)C(S3)=C(CCCCCCCC)C=C3C4=CC5=C(S4)C6=C(C7=CC=C(CCCCCC(C)(O[Si](C)(C)C)O[Si](C)(C)C)S7)C8=C(C(SC(C9=CC(CCCCCCCC)=C(C%10=CC=C(/C=C%11SC(N(CCCCCC)C\%11=O)=S)S%10)S9)=C%12)=C%12S8)C(C%13=CC=C(CCCCCC(C)(O[Si](C)(C)C)O[Si](C)(C)C)S%13)=C6S5,-5,32,-2,81,562,CF,Y6,-5,7,-4,08,833,0,852,26,72,3,16,01:01,1,[Pilar]
ZR-SiO-EH,S=C(N(CCCCCC)C/1=O)SC1=C/C2=CC=C(S2)C(S3)=C(CCCCCCCC)C=C3C4=CC5=C(S4)C6=C(C7=CC(CC(CCCC)CC)=C(CCCCCC(C)(O[Si](C)(C)C)O[Si](C)(C)C)S7)C8=C(C(SC(C9=CC(CCCCCCCC)=C(C%10=CC=C(/C=C%11SC(N(CCCCCC)C\%11=O)=S)S%10)S9)=C%12)=C%12S8)C(C%13=CC(CC(CCCC)CC)=C(CCCCCC(C)(O[Si](C)(C)C)O[Si](C)(C)C)S%13)=C6S5,-5,32,-2,81,562,CF,Y6,-5,7,-4,08,833,0,87,25,6,73,7,16,4,01:01,1,[Pilar]
SL1,S=C(N(CCCC)C/1=O)SC1=C/C2=C(CC(CCCC)CC)C=C(S2)C3=NC(S4)=C(S3)N=C4C5=CC=C(S5)C6=CC7=C(C8=CC(CCCCCC)=C(CC(CC)CCCC)S8)C9=C(C=C(C%10=CC=C(C%11=NC(SC(C%12=CC(CC(CCCC)CC)=C(/C=C%13SC(N(CCCC)C\%13=O)=S)S%12)=N%14)=C%14S%11)S%10)S9)C(C%15=CC(CCCCCC)=C(CC(CCCC)CC)S%15)=C7S6,-5,58,-3,59,562,CF,Y6,-5,7,-4,08,833,0,87,23,2,68,13,9,01:01,[Pilar-154]
SL2,S=C(N(CCCC)C/1=O)SC1=C/C2=C(CC(CCCC)CC)C=C(S2)C3=NC(S4)=C(S3)N=C4C5=CC=C(S5)C6=CC7=C(C8=CC=C(CC(CC)CCCC)S8)C9=C(C=C(C%10=CC=C(C%11=NC(SC(C%12=CC(CC(CCCC)CC)=C(/C=C%13SC(N(CCCC)C\%13=O)=S)S%12)=N%14)=C%14S%11)S%10)S9)C(C%15=CC=C(CC(CCCC)CC)S%15)=C7S6,-5,6,-3,62,562,CF,Y6,-5,7,-4,08,833,0,98,21,5,60,11,5,01:01,[Pilar-154]
SL3,S=C(N(CCCC)C/1=O)SC1=C/C2=C(CC(CCCC)CC)C=C(S2)C3=NC(S4)=C(S3)N=C4C5=CC=C(S5)C6=CC7=C(C8=CC(CCCCCCCC)=C(CC(CCCC)CC)S8)C9=C(C=C(C%10=CC=C(C%11=NC(SC(C%12=CC(CC(CCCC)CC)=C(/C=C%13SC(N(CCCC)C\%13=O)=S)S%12)=N%14)=C%14S%11)S%10)S9)C(C%15=CC(CCCCCCCC)=C(CC(CCCC)CC)S%15)=C7S6,-5,58,-3,6,562,CF,Y6,-5,7,-4,08,833,0,88,21,6,67,12,7,01:01,[Pilar-154]
SL4,S=C(N(CCCC)C/1=O)SC1=C/C2=C(CC(CCCC)CC)C=C(S2)C3=NC(S4)=C(S3)N=C4C5=CC=C(S5)C6=CC7=C(C8=CC(CCCCCC)=C(CCCCCC)S8)C9=C(C=C(C%10=CC=C(C%11=NC(SC(C%12=CC(CC(CCCC)CC)=C(/C=C%13SC(N(CCCC)C\%13=O)=S)S%12)=N%14)=C%14S%11)S%10)S9)C(C%15=CC(CCCCCC)=C(CCCCCC)S%15)=C7S6,-5,57,-3,57,562,CF,Y6,-5,7,-4,08,833,0,87,23,62,12,4,01:01,[Pilar-154]
SM-CA,O=C(OCC(CC)CCCC)/C(C#N)=C/C(S1)=CC=C1C2=C(CCCCCC)C=C(S2)C(S3)=C(CCCCCC)C=C3C4=CC5=C(C6=C(F)C(F)=C(CC(CCCC)CC)S6)C(SC(C7=CC(CCCCCC)=C(C8=CC(CCCCCC)=C(C9=CC=C(/C=C(C(OCC(CC)CCCC)=O)\C#N)S9)S8)S7)=C%10)=C%10C(C%11=C(F)C(F)=C(CC(CCCC)CC)S%11)=C5S4,-5,4,-3,4,651,CF,N3,-5,64,-4,08,751,0,838,24,33,75,62,15,41,01:01,[155]
SM-CA-Reh,FC1=C(CC(CCCC)CC)SC(C2=C3C(SC(C4=CC(CCCCCC)=C(C5=CC(CCCCCC)=C(C6=CC=C(/C=C7SC(N(CC(CCCC)CC)C\7=O)=S)S6)S5)S4)=C3)=C(C8=C(F)C(F)=C(CC(CCCC)CC)S8)C9=C2SC(C%10=CC(CCCCCC)=C(C%11=CC(CCCCCC)=C(C%12=CC=C(/C=C(C(OCC(CC)CCCC)=O)\C#N)S%12)S%11)S%10)=C9)=C1F,-5,52,-3,53,668,CF,N3,-5,64,-4,08,751,0,842,25,06,77,5,16,34,01:01,[155]
SM-Reh,FC1=C(CC(CCCC)CC)SC(C2=C3C(SC(C4=CC=C(C5=CC=C(C6=CC=C(/C=C7SC(N(CC(CCCC)CC)C\7=O)=S)S6)S5)S4)=C3)=C(C8=C(F)C(F)=C(CC(CCCC)CC)S8)C9=C2SC(C%10=CC=C(C%11=CC=C(C%12=CC=C(/C=C%13SC(N(CC(CCCC)CC)C\%13=O)=S)S%12)S%11)S%10)=C9)=C1F,-5,55,-3,6,672,CF,N3,-5,64,-4,08,751,0,834,25,42,69,64,14,76,01:01,[155]
SM-CA-ID,FC1=C(CC(CCCC)CC)SC(C2=C3C(SC(C4=CC(CCCCCC)=C(C5=CC(CCCCCC)=C(C6=CC=C(/C=C7C(C(C=CC=C8)=C8C\7=O)=O)S6)S5)S4)=C3)=C(C9=C(F)C(F)=C(CC(CCCC)CC)S9)C%10=C2SC(C%11=CC(CCCCCC)=C(C%12=CC(CCCCCC)=C(C%13=CC=C(/C=C(C(OCC(CC)CCCC)=O)\C#N)S%13)S%12)S%11)=C%10)=C1F,-5,33,-3,6,707,CF,N3,-5,64,-4,08,751,0,82,21,99,45,49,8,2,01:01,[155]
SM-ID,FC1=C(CC(CCCC)CC)SC(C2=C3C(SC(C4=CC(CCCCCC)=C(C5=CC(CCCCCC)=C(C6=CC=C(/C=C7C(C(C=CC=C8)=C8C\7=O)=O)S6)S5)S4)=C3)=C(C9=C(F)C(F)=C(CC(CCCC)CC)S9)C%10=C2SC(C%11=CC(CCCCCC)=C(C%12=CC(CCCCCC)=C(C%13=CC=C(/C=C%14C(C(C=CC=C%15)=C%15C\%14=O)=O)S%13)S%12)S%11)=C%10)=C1F,-5,25,-3,61,712,CF,N3,-5,64,-4,08,751,0,823,10,54,31,79,2,79,01:01,[155]
MPhS-C2,O=C(N(CC)C(S/1)=S)C1=C/C2=CC=C(S2)C(S3)=CC=C3C4=CC5=C(S4)C6=C(C7=CC(SCC(CCCCCC)CCCCCCCC)=CC=C7)C8=C(C(SC(C9=CC=C(C%10=CC=C(/C=C%11C(N(CC)C(S\%11)=S)=O)S%10)S9)=C%12)=C%12S8)C(C%13=CC(SCC(CCCCCC)CCCCCCCC)=CC=C%13)=C6S5,-5,35,-3,45,605,CF,BTP-eC9,-5,64,-4,05,828,0,886,26,2,69,52,16,54,01:01,[156]
MPhS-C4,O=C(N(CCCC)C(S/1)=S)C1=C/C2=CC=C(S2)C(S3)=CC=C3C4=CC5=C(S4)C6=C(C7=CC(SCC(CCCCCC)CCCCCCCC)=CC=C7)C8=C(C(SC(C9=CC=C(C%10=CC=C(/C=C%11C(N(CCCC)C(S\%11)=S)=O)S%10)S9)=C%12)=C%12S8)C(C%13=CC(SCC(CCCCCC)CCCCCCCC)=CC=C%13)=C6S5,-5,39,-3,45,607,CF,BTP-eC10,-5,64,-4,05,828,0,873,25,61,70,28,15,73,01:01,[156]
MPhS-C6,S=C(S/1)N(CCCCCC)C(C1=C\C2=CC=C(S2)C(S3)=C(CCCCCCCC)C=C3C4=CC5=C(S4)C6=C(C7=CC(SCC(CCCCCC)CCCCCCCC)=CC=C7)C8=C(C(SC(C(S9)=CC(CCCCCCCC)=C9C%10=CC=C(S%10)/C=C%11SC(N(C\%11=O)CCCCCC)=S)=C%12)=C%12S8)C(C%13=CC(SCC(CCCCCC)CCCCCCCC)=CC=C%13)=C6S5)=O,-5,35,-4,1,610,CF,BTP-eC11,-5,64,-4,05,828,0,84,25,49,75,6,16,2,01:01,[156]
B1,S=C(N(CCCC)C/1=O)SC1=C\C2=CC=C(S2)C(S3)=C(CCCCCC)C=C3C4=C(CCCCCC)C=C(S4)C5=CC6=C(C7=CC=C(SCC(CC)CCCC)C=C7)C8=C(C=C(C9=CC(CCCCCC)=C(C%10=CC(CCCCCC)=C(C%11=CC=C(/C=C%12SC(N(CCCC)C/%12=O)=S)S%11)S%10)S9)S8)C(C%13=CC=C(SCC(CC)CCCC)C=C%13)=C6S5,-5,24,-2,64,580,CF,BO-4Cl,-5,69,-3,87,822,0,822,25,14,72,5,14,98,01:01,[Pilar]
BM-Cl,S=C(N(CCCC)C/1=O)SC1=C\C2=CC=C(S2)C(S3)=C(CCCCCC)C=C3C4=C(CCCCCC)C(Cl)=C(S4)C5=CC6=C(C7=CC(SCC(CC)CCCC)=CC=C7)C8=C(C=C(C9=CC(CCCCCC)=C(C%10=C(Cl)C(CCCCCC)=C(C%11=CC=C(/C=C%12SC(N(CCCC)C/%12=O)=S)S%11)S%10)S9)S8)C(C%13=CC(SCC(CC)CCCC)=CC=C%13)=C6S5,-5,31,-2,73,587,CF,BO-4Cl,-5,69,-3,87,822,0,826,25,9,73,55,15,73,01:01,[Pilar]
C-2F,S=C(N(CCCCCC)C/1=O)SC1=C/C2=CC=C(S2)C(S3)=C(CCCCCC)C=C3C4=C(CCCCCC)C=C(S4)C5=CC6=C(C7=CC(F)=C(CC(CC)CCCC)C(F)=C7)C8=C(C=C(C9=CC(CCCCCC)=C(C%10=CC(CCCCCC)=C(C%11=CC=C(/C=C%12SC(N(CCCCCC)C\%12=O)=S)S%11)S%10)S9)S8)C(C%13=CC(F)=C(CC(CC)CCCC)C(F)=C%13)=C6S5,-5,4,-3,4,504,CF,N3,-5,64,-4,08,751,0,85,24,87,69,33,14,64,1.6:1,[Pilar]
3DTBDT,O=C(N(CCCCCC)C(S/1)=S)C1=C/C2=CC3=C(S2)C4=C(C5=CC=C(CC(CCCCCCCC)CCCCCC)S5)C6=C(C(SC(C7=CC8=C(S7)C9=C(C%10=CC=C(CC(CCCCCCCC)CCCCCC)S%10)C%11=C(C(SC(C%12=CC%13=C(S%12)C%14=C(C%15=CC=C(CC(CCCCCCCC)CCCCCC)S%15)C%16=C(C(SC(/C=C%17C(N(CCCCCC)C(S\%17)=S)=O)=C%18)=C%18S%16)C(C%19=CC=C(CC(CCCCCCCC)CCCCCC)S%19)=C%14S%13)=C%20)=C%20S%11)C(C%21=CC=C(CC(CCCCCCCC)CCCCCC)S%21)=C9S8)=C%22)=C%22S6)C(C%23=CC=C(CC(CCCCCCCC)CCCCCC)S%23)=C4S3,-5,3,-2,78,587,CF,L8-BO,-5,73,-3,88,831,0,847,22,84,70,98,13,74,01:01,[Pilar]
BDT-BCl,ClC1=C(SCC(CC)CCCC)C=CC(C2=C3C(C=C(C4=CC(CCCCCC)=C(C5=CC(CCCCCC)=C(C6=CC=C(/C=C7SC(N(CCCCCC)C\7=O)=S)S6)S5)S4)S3)=C(C(C=C8)=CC(Cl)=C8SCC(CCCC)CC)C9=C2C=C(C%10=CC(CCCCCC)=C(C%11=CC(CCCCCC)=C(C%12=CC=C(/C=C%13SC(N(CCCCCC)C\%13=O)=S)S%12)S%11)S%10)S9)=C1,-5,3,-2,78,618,CF,L8-BO,-5,73,-3,88,831,0,88,23,74,67,73,14,1,01:01,6,[Pilar]
TBD-BCl,ClC1=C(SCC(CC)CCCC)C=CC(C2=C3C(C(SC(C4=CC(CCCCCC)=C(S4)C(S5)=CC(CCCCCC)=C5C6=CC=C(S6)/C=C7C(N(C(S/7)=S)CCCCCC)=O)=C8)=C8S3)=C(C(C=C9)=CC(Cl)=C9SCC(CCCC)CC)C%10=C2C=C(C%11=CC(CCCCCC)=C(C%12=CC(CCCCCC)=C(C%13=CC=C(/C=C%14SC(N(CCCCCC)C\%14=O)=S)S%13)S%12)S%11)S%10)=C1,-5,3,-2,78,617,CF,L8-BO,-5,73,-3,88,831,0,91,24,95,71,13,16,2,01:01,6,[Pilar]
BSFTR,O=C(N(C(CC)CCCC)C(S/1)=S)C1=C/C2=CC=C(S2)C(S3)=C(CCCCCC)C=C3C4=C(CCCCCC)C=C(S4)C5=CC6=C(C7=CC(F)=C(SC(CCCC)CC)S7)C8=C(C=C(C9=CC(CCCCCC)=C(C%10=CC(CCCCCC)=C(C%11=CC=C(/C=C%12C(N(C(CC)CCCC)C(S\%12)=S)=O)S%11)S%10)S9)S8)C(C%13=CC(F)=C(SC(CCCC)CC)S%13)=C6S5,-5,59,-3,61,620,CF,FO-2Cl,-5,83,-3,9,765,0,885,22,01,78,41,15,27,01:01,[15-08-2025]
BSFTR,O=C(N(C(CC)CCCC)C(S/1)=S)C1=C/C2=CC=C(S2)C(S3)=C(CCCCCC)C=C3C4=C(CCCCCC)C=C(S4)C5=CC6=C(C7=CC(F)=C(SC(CCCC)CC)S7)C8=C(C=C(C9=CC(CCCCCC)=C(C%10=CC(CCCCCC)=C(C%11=CC=C(/C=C%12C(N(C(CC)CCCC)C(S\%12)=S)=O)S%11)S%10)S9)S8)C(C%13=CC(F)=C(SC(CCCC)CC)S%13)=C6S5,-5,59,-3,61,620,CF,FO-EH-2Cl,-5,73,-3,9,761,0,876,22,39,80,44,15,78,01:01,[15-08-2025]
SM-n-Bu,S=C(N(CCCC)C/1=O)SC1=C\C2=CC=C(S2)C(S3)=C(CCCCCC)C=C3C4=C(CCCCCC)C=C(S4)C5=CC6=C(C7=CC=C(C(CC)CCCC)C=C7)C8=C(C=C(C9=CC(CCCCCC)=C(C%10=CC(CCCCCC)=C(C%11=CC=C(/C=C%12SC(N(CCCC)C/%12=O)=S)S%11)S%10)S9)S8)C(C%13=CC=C(C(CC)CCCC)C=C%13)=C6S5,-5,19,-3,61,573,CF,BO-4Cl,-5,66,-4,09,822,0,83,25,26,72,12,15,12,01:01,[1508]
SM-s-Bu,S=C(N(C(C)CC)C/1=O)SC1=C\C2=CC=C(S2)C(S3)=C(CCCCCC)C=C3C4=C(CCCCCC)C=C(S4)C5=CC6=C(C7=CC=C(C(CC)CCCC)C=C7)C8=C(C=C(C9=CC(CCCCCC)=C(C%10=CC(CCCCCC)=C(C%11=CC=C(/C=C%12SC(N(C(C)CC)C/%12=O)=S)S%11)S%10)S9)S8)C(C%13=CC=C(C(CC)CCCC)C=C%13)=C6S5,-5,24,-3,53,566,CF,BO-4Cl,-5,66,-4,09,822,0,822,25,69,74,34,16,06,01:01,[1508]
FSBTSeHR,O=C(N(CCCCCC)C(S/1)=S)C1=C/C2=CC(CCCCCCCC)=C(S2)C([Se]3)=CC=C3C4=C(CCCCCCCC)C=C(S4)C5=CC6=C(C7=CC(F)=C(SCC(CCCC)CC)S7)C8=C(C=C(C9=CC(CCCCCCCC)=C(C%10=CC=C(C%11=C(CCCCCCCC)C=C(/C=C%12C(N(CCCCCC)C(S\%12)=S)=O)S%11)[Se]%10)S9)S8)C(C%13=CC(F)=C(SCC(CCCC)CC)S%13)=C6S5,-5,4,-3,62,641,CF,BTP-eC9,-5,64,-4,07,828,0,84,22,26,67,5,12,35,01:01,2,[15081]
BTR-Cl,O=C(N(CCCCCC)C(S/1)=S)C1=C\C2=CC=C(S2)C3=C(CCCCCC)C=C(C4=C(CCCCCC)C=C(C5=CC6=C(C7=CC(Cl)=C(CC(CCCC)CC)S7)C8=C(C=C(C9=CC(CCCCCC)=C(C(S%10)=CC(CCCCCC)=C%10C%11=CC=C(S%11)/C=C%12SC(N(C\%12=O)CCCCCC)=S)S9)S8)C(C%13=CC(Cl)=C(CC(CCCC)CC)S%13)=C6S5)S4)S3,-5,46,-3,7,580,CB,BTP-Fl-Fl,-5,7,-3,92,830,0,85,21,75,69,63,13,3,01:01,2,[18081]
W2-Reh,CCC(CCCC)CN(C(S/1)=S)C(C1=C\C2=CC=C(S2)C(S3)=C(CCCCCC)C=C3C4=C(CCCCCC)C=C(S4)C5=CC6=C(C7=CN=C(SCC(CCCC)CC)S7)C8=C(C=C(C9=CC(CCCCCC)=C(C%10=CC(CCCCCC)=C(C%11=CC=C(/C=C%12C(N(CC(CC)CCCC)C(S/%12)=S)=O)S%11)S%10)S9)S8)C(C%13=CC=C(SCC(CCCC)CC)S%13)=C6S5)=O,-5,16,-3,48,495,CF,Y6,-5,7,-4,08,833,0,83,25,19,76,8,16,06,01:00,8,[180802]
W2-CA,CCCCCCC1=C(C2=CC=C(/C=C(C#N)/C(OCC(CCCC)CC)=O)S2)SC(C3=C(CCCCCC)C=C(S3)C4=CC5=C(C6=CN=C(SCC(CCCC)CC)S6)C7=C(C=C(C8=CC(CCCCCC)=C(C9=CC(CCCCCC)=C(C%10=CC=C(/C=C(C#N)/C(OCC(CCCC)CC)=O)S%10)S9)S8)S7)C(C%11=CC=C(SCC(CCCC)CC)S%11)=C5S4)=C1,-5,17,-3,53,500,CF,Y6,-5,7,-4,08,833,0,82,25,31,74,8,15,63,01:00,8,[180802]
SM8,O=C(OCC(CCCC)CC)/C(C#N)=C/C(S1)=CC(CCCCCCCC)=C1C2=CC=C(S2)C(S3)=C(CCCCCCCC)C=C3C4=CC5=C(C6=CC=C(SCCCCCCCC)S6)C7=C(C=C(C8=CC(CCCCCCCC)=C(C9=CC=C(C%10=C(CCCCCCCC)C=C(/C=C(C#N)/C(OCC(CCCC)CC)=O)S%10)S9)S8)S7)C(C%11=CC=C(SCCCCCCCC)S%11)=C5S4,-5,21,-3,55,580,CF,BO-4Cl,-5,66,-4,09,822,0,85,21,23,72,5,13,11,01:01,[20081]
BT-Ro-Cl,O=C(OCCCCCCCC)/C(C#N)=C/C(S1)=CC=C1C2=CC=C(S2)C(S3)=CC=C3C4=CC5=C(C6=CC(C)=C(CC(CC)CCCC)S6)C7=C(C=C(C8=CC=C(C9=CC=C(C%10=CC=C(/C=C(C#N)/C(OCCCCCCCC)=O)S%10)S9)S8)S7)C(C%11=CC(C)=C(CC(CC)CCCC)S%11)=C5S4,-5,41,-3,57,560,CF,Y6,-5,7,-4,08,833,0,86,22,5,68,6,13,35,01:01,[20081]
BT-Reh-Cl,O=C(OCC(CCCC)CC)/C(C#N)=C/C(S1)=CC=C1C2=CC=C(S2)C(S3)=CC=C3C4=CC5=C(C6=CC(C)=C(CC(CC)CCCC)S6)C7=C(C=C(C8=CC=C(C9=CC=C(C%10=CC=C(/C=C(C#N)/C(OCC(CCCC)CC)=O)S%10)S9)S8)S7)C(C%11=CC(C)=C(CC(CC)CCCC)S%11)=C5S4,-5,41,-3,58,564,CF,Y6,-5,7,-4,08,833,0,86,22,93,69,8,13,9,01:01,[20081]
BTR-Te,CC1=C(C2=CC=C(/C=C3C(N(CCCCCC)C(S/3)=S)=O)S2)SC(C4=C(C)C=C(C5=CC6=C(C7=CC=C(CC(CCCC)CC)S7)C8=C(C=C(C9=CC(C)=C(C(S%10)=CC(C)=C%10C%11=CC=C(S%11)/C=C%12SC(N(C\%12=O)CCCCCC)=S)S9)S8)C(C%13=CC=C(CC(CC)CCCC)S%13)=C6S5)S4)=C1,-5,39,-3,33,578,CF,Y6,-5,66,-4,09,822,0,84,23,4,67,13,1: à,06,[PILAR]
SD86,ClC1=C(SC(/C=C2C(N(CCCCCC)C(S\2)=S)=O)=C1)C3=C(CCCCCCCC)C=C(C4=CC(S5)=C(S4)C6=C5C(C7=CC=CC(SCC(CCCCCC)CCCCCCCC)=C7)=C(C(SC(C8=CC(CCCCCCCC)=C(C9=C(Cl)C=C(/C=C%10C(N(CCCCCC)C(S\%10)=S)=O)S9)S8)=C%11)=C%11S%12)C%12=C6C%13=CC=CC(SCC(CCCCCCCC)CCCCCC)=C%13)S3,-5,4,-3,68,575,CF,BTP-eC9,-5,62,-3,98,828,0,84,24,7,75,24,15,61,1,7:1,[SD86]
SM-EH-R,O=C(/C(S1)=C\C(S2)=CC=C2C3=C(C(CCCC)CC)C=C(S3)C(S4)=C(CCCCCC)C=C4C5=CC6=C(C7=C(F)C(F)=C(SCC(CC)CCCC)S7)C(SC(C(S8)=CC(CCCCCC)=C8C9=CC(C(CC)CCCC)=C(S9)C(S%10)=CC=C%10/C=C%11C(N(C(S\%11)=S)CCCCCC)=O)=C%12)=C%12C(C(S%13)=C(F)C(F)=C%13SCC(CC)CCCC)=C6S5)N(CCCCCC)C1=S,-5,41,-3,57,552,CF,N3,-5,64,-4,08,751,0,85,21,96,63,4,11,9,01:01,[pilar]
BBTSM1,O=C(OCC(CCCC)CC)/C(C#N)=C\C1=CC(CCCCCCCC)=C(S1)C(S2)=CC=C2C3=C(CCCCCCCC)C=C(S3)C4=NC5=C(C6=CC=C(CC(CC)CCCC)S6)C7=C(N=C(C8=CC(CCCCCCCC)=C(C9=CC=C(C%10=C(CCCCCCCC)C=C(/C=C(C#N)\C(OCC(CCCC)CC)=O)S%10)S9)S8)S7)C(C%11=CC=C(CC(CCCC)CC)S%11)=C5S4,-5,58,-3,51,563,CF,Y6,-5,7,-4,08,833,0,87,21,6,63,11,8,1,8:1,[pilar]
GSMD-syn,ClC1=C(CC(CC)CCCC)SC(C2=C3C(SC(C4=CC5=C(S4)C(C6=CC(Cl)=C(CC(CC)CCCC)S6)=C7C(SC(C8=CC(CCCCCC)=C(C9=CC=C(C%10=C(CCCCCC)C=C(/C=C%11SC(N(CCCCCC)C\%11=O)=O)S%10)S9)S8)=C7)=C5C%12=CC(Cl)=C(CC(CC)CCCC)S%12)=C3)=C(C%13=CC(Cl)=C(CC(CC)CCCC)S%13)C%14=C2SC(C%15=CC%16=C(C%17=CC(Cl)=C(CC(CC)CCCC)S%17)C(SC(C%18=CC(CCCCCC)=C(C%19=CC=C(C%20=C(CCCCCC)C=C(/C=C%21SC(N(CCCCCC)C\%21=O)=O)S%20)S%19)S%18)=C%22)=C%22C(C%23=CC(Cl)=C(CC(CC)CCCC)S%23)=C%16S%15)=C%14)=C1,-5,47,-3,63,558,CF,Y6,-5,7,-4,08,833,0,88,24,35,56,11,95,02:01,[GSMD]
GSMD-anti,ClC1=C(CC(CC)CCCC)SC(C2=C3C(SC(C4=CC5=C(S4)C(C6=CC(Cl)=C(CC(CC)CCCC)S6)=C7C(SC(C8=CC(CCCCCC)=C(C9=CC(CCCCCC)=C(C%10=CC=C(/C=C%11SC(N(CCCCCC)C\%11=O)=O)S%10)S9)S8)=C7)=C5C%12=CC(Cl)=C(CC(CC)CCCC)S%12)=C3)=C(C%13=CC(Cl)=C(CC(CC)CCCC)S%13)C%14=C2SC(C%15=CC%16=C(C%17=CC(Cl)=C(CC(CC)CCCC)S%17)C(SC(C%18=CC(CCCCCC)=C(C%19=CC(CCCCCC)=C(C%20=CC=C(/C=C%21SC(N(CCCCCC)C\%21=O)=O)S%20)S%19)S%18)=C%22)=C%22C(C%23=CC(Cl)=C(CC(CC)CCCC)S%23)=C%16S%15)=C%14)=C1,-5,45,-3,61,562,CF,Y6,-5,7,-4,08,833,0,87,24,54,72,15,4,1,5:1,[GSMD]
MPHS-P-1F,O=C(N(CC1=CC=C(F)C=C1)C(S/2)=S)C2=C\C3=CC=C(S3)C(S4)=C(CCCCCCCC)C=C4C5=CC(S6)=C(S5)C7=C6C(C8=CC(SCC(CCCCCC)CCCCCCCC)=CC=C8)=C(C(SC(C9=CC(CCCCCCCC)=C(C%10=CC=C(/C=C%11C(N(CC%12=CC=C(F)C=C%12)C(S/%11)=S)=O)S%10)S9)=C%13)=C%13S%14)C%14=C7C%15=CC(SCC(CCCCCCCC)CCCCCC)=CC=C%15,-5,36,-3,47,550,CF,BTP-eC9,-5,64,-4,07,828,0,871,20,25,67,24,11,85,1,6:1,[mphs]
MPHS-P-1F,O=C(N(CC1=CC=C(F)C=C1)C(S/2)=S)C2=C\C3=CC=C(S3)C(S4)=C(CCCCCCCC)C=C4C5=CC(S6)=C(S5)C7=C6C(C8=CC(SCC(CCCCCC)CCCCCCCC)=CC=C8)=C(C(SC(C9=CC(CCCCCCCC)=C(C%10=CC=C(/C=C%11C(N(CC%12=CC=C(F)C=C%12)C(S/%11)=S)=O)S%10)S9)=C%13)=C%13S%14)C%14=C7C%15=CC(SCC(CCCCCCCC)CCCCCC)=CC=C%15,-5,36,-3,47,550,CF,BTP-eC9,-5,64,-4,07,828,0,874,21,42,67,25,11,56,02:01,[mphs]
MPHS-P-1F,O=C(N(CC1=CC=C(F)C=C1)C(S/2)=S)C2=C\C3=CC=C(S3)C(S4)=C(CCCCCCCC)C=C4C5=CC(S6)=C(S5)C7=C6C(C8=CC(SCC(CCCCCC)CCCCCCCC)=CC=C8)=C(C(SC(C9=CC(CCCCCCCC)=C(C%10=CC=C(/C=C%11C(N(CC%12=CC=C(F)C=C%12)C(S/%11)=S)=O)S%10)S9)=C%13)=C%13S%14)C%14=C7C%15=CC(SCC(CCCCCCCC)CCCCCC)=CC=C%15,-5,36,-3,47,550,CF,BTP-eC9,-5,64,-4,07,828,0,874,21,42,69,98,13,11,1,8:1,[mphs]
MPHS-m-2F,O=C(N(CC1=CC(F)=CC(F)=C1)C(S/2)=S)C2=C\C3=CC=C(S3)C(S4)=C(CCCCCCCC)C=C4C5=CC(S6)=C(S5)C7=C6C(C8=CC(SCC(CCCCCC)CCCCCCCC)=CC=C8)=C(C(SC(C9=CC(CCCCCCCC)=C(C%10=CC=C(/C=C%11C(N(CC%12=CC(F)=CC(F)=C%12)C(S/%11)=S)=O)S%10)S9)=C%13)=C%13S%14)C%14=C7C%15=CC(SCC(CCCCCCCC)CCCCCC)=CC=C%15,-5,38,-3,44,551,CF,BTP-eC9,-5,64,-4,07,828,0,885,20,19,64,99,11,62,1,6:1,[mphs]
MPHS-m-2F,O=C(N(CC1=CC(F)=CC(F)=C1)C(S/2)=S)C2=C\C3=CC=C(S3)C(S4)=C(CCCCCCCC)C=C4C5=CC(S6)=C(S5)C7=C6C(C8=CC(SCC(CCCCCC)CCCCCCCC)=CC=C8)=C(C(SC(C9=CC(CCCCCCCC)=C(C%10=CC=C(/C=C%11C(N(CC%12=CC(F)=CC(F)=C%12)C(S/%11)=S)=O)S%10)S9)=C%13)=C%13S%14)C%14=C7C%15=CC(SCC(CCCCCCCC)CCCCCC)=CC=C%15,-5,38,-3,44,551,CF,BTP-eC9,-5,64,-4,07,828,0,869,18,22,63,5,10,05,02:01,[mphs]
MPHS-m-2F,O=C(N(CC1=CC(F)=CC(F)=C1)C(S/2)=S)C2=C\C3=CC=C(S3)C(S4)=C(CCCCCCCC)C=C4C5=CC(S6)=C(S5)C7=C6C(C8=CC(SCC(CCCCCC)CCCCCCCC)=CC=C8)=C(C(SC(C9=CC(CCCCCCCC)=C(C%10=CC=C(/C=C%11C(N(CC%12=CC(F)=CC(F)=C%12)C(S/%11)=S)=O)S%10)S9)=C%13)=C%13S%14)C%14=C7C%15=CC(SCC(CCCCCCCC)CCCCCC)=CC=C%15,-5,38,-3,44,551,CF,BTP-eC9,-5,64,-4,07,828,0,872,20,85,67,85,12,33,1,8:1,[mphs]
MPHS-m-1F,O=C(N(CC1=CC(F)=CC=C1)C(S/2)=S)C2=C\C3=CC=C(S3)C(S4)=C(CCCCCCCC)C=C4C5=CC(S6)=C(S5)C7=C6C(C8=CC(SCC(CCCCCC)CCCCCCCC)=CC=C8)=C(C(SC(C9=CC(CCCCCCCC)=C(C%10=CC=C(/C=C%11C(N(CC%12=CC(F)=CC=C%12)C(S/%11)=S)=O)S%10)S9)=C%13)=C%13S%14)C%14=C7C%15=CC(SCC(CCCCCCCC)CCCCCC)=CC=C%15,-5,36,-3,54,552,CF,BTP-eC9,-5,64,-4,07,828,0,848,23,46,73,81,14,78,1,6:1,[mphs]
MPHS-m-1F,O=C(N(CC1=CC(F)=CC=C1)C(S/2)=S)C2=C\C3=CC=C(S3)C(S4)=C(CCCCCCCC)C=C4C5=CC(S6)=C(S5)C7=C6C(C8=CC(SCC(CCCCCC)CCCCCCCC)=CC=C8)=C(C(SC(C9=CC(CCCCCCCC)=C(C%10=CC=C(/C=C%11C(N(CC%12=CC(F)=CC=C%12)C(S/%11)=S)=O)S%10)S9)=C%13)=C%13S%14)C%14=C7C%15=CC(SCC(CCCCCCCC)CCCCCC)=CC=C%15,-5,36,-3,54,552,CF,BTP-eC9,-5,64,-4,07,828,0,846,19,88,72,69,12,23,02:01,[mphs]
MPHS-m-1F,O=C(N(CC1=CC(F)=CC=C1)C(S/2)=S)C2=C\C3=CC=C(S3)C(S4)=C(CCCCCCCC)C=C4C5=CC(S6)=C(S5)C7=C6C(C8=CC(SCC(CCCCCC)CCCCCCCC)=CC=C8)=C(C(SC(C9=CC(CCCCCCCC)=C(C%10=CC=C(/C=C%11C(N(CC%12=CC(F)=CC=C%12)C(S/%11)=S)=O)S%10)S9)=C%13)=C%13S%14)C%14=C7C%15=CC(SCC(CCCCCCCC)CCCCCC)=CC=C%15,-5,36,-3,54,552,CF,BTP-eC9,-5,64,-4,07,828,0,857,24,82,75,72,16,1,1,8:1,[mphs]
MPHS-C6,S=C(S/1)N(CCCCCC)C(C1=C\C2=CC=C(S2)C(S3)=C(CCCCCCCC)C=C3C4=CC5=C(S4)C6=C(C7=CC(SCC(CCCCCC)CCCCCCCC)=CC=C7)C8=C(C(SC(C(S9)=CC(CCCCCCCC)=C9C%10=CC=C(S%10)/C=C%11SC(N(C\%11=O)CCCCCC)=S)=C%12)=C%12S8)C(C%13=CC(SCC(CCCCCC)CCCCCCCC)=CC=C%13)=C6S5)=O,-5,35,-4,1,610,CF,Y6,-5,7,-4,08,833,0,83,24,34,75,74,15,31,1,9:1,[mphs-c6-Y6]
FBD-S3,O=C(N(C(S/1)=S)CCCCCC)C1=C\C2=CC=C(C(SC(C3=C(C=C(C4=CC5=C(S4)C6=C(C7=CC(F)=C(SCC(CCCC)CCCCCC)S7)C8=C(C=C(C9=CC(CCCCCC)=C(C%10=CC(CCCCCC)=C(C%11=CC=C(/C=C%12SC(N(CCCCCC)C\%12=O)=S)S%11)S%10)S9)O8)C(C(S%13)=CC(F)=C%13SCC(CCCCCC)CCCC)=C6S5)S3)CCCCCC)=C%14)=C%14CCCCCC)S2,-5,29,-3,13,624,CF,Y6,-5,7,-4,08,833,0,847,18,69,48,23,7,63,01:01,[21]
FBD-S3,O=C(N(C(S/1)=S)CCCCCC)C1=C\C2=CC=C(C(SC(C3=C(C=C(C4=CC5=C(S4)C6=C(C7=CC(F)=C(SCC(CCCC)CCCCCC)S7)C8=C(C=C(C9=CC(CCCCCC)=C(C%10=CC(CCCCCC)=C(C%11=CC=C(/C=C%12SC(N(CCCCCC)C\%12=O)=S)S%11)S%10)S9)O8)C(C(S%13)=CC(F)=C%13SCC(CCCCCC)CCCC)=C6S5)S3)CCCCCC)=C%14)=C%14CCCCCC)S2,-5,29,-3,13,624,CF,Y6,-5,7,-4,08,833,0,845,20,89,61,95,10,94,1,4:1,[21]
FBD-S3,O=C(N(C(S/1)=S)CCCCCC)C1=C\C2=CC=C(C(SC(C3=C(C=C(C4=CC5=C(S4)C6=C(C7=CC(F)=C(SCC(CCCC)CCCCCC)S7)C8=C(C=C(C9=CC(CCCCCC)=C(C%10=CC(CCCCCC)=C(C%11=CC=C(/C=C%12SC(N(CCCCCC)C\%12=O)=S)S%11)S%10)S9)O8)C(C(S%13)=CC(F)=C%13SCC(CCCCCC)CCCC)=C6S5)S3)CCCCCC)=C%14)=C%14CCCCCC)S2,-5,29,-3,13,624,CF,Y6,-5,7,-4,08,833,0,849,20,7,65,13,11,45,02:01,[21]
FBD-S3,O=C(N(C(S/1)=S)CCCCCC)C1=C\C2=CC=C(C(SC(C3=C(C=C(C4=CC5=C(S4)C6=C(C7=CC(F)=C(SCC(CCCC)CCCCCC)S7)C8=C(C=C(C9=CC(CCCCCC)=C(C%10=CC(CCCCCC)=C(C%11=CC=C(/C=C%12SC(N(CCCCCC)C\%12=O)=S)S%11)S%10)S9)O8)C(C(S%13)=CC(F)=C%13SCC(CCCCCC)CCCC)=C6S5)S3)CCCCCC)=C%14)=C%14CCCCCC)S2,-5,29,-3,13,624,CF,Y6,-5,7,-4,08,833,0,849,21,77,67,74,12,53,1,8:01:00,[21]
TBD-S4,O=C(N(C(S/1)=S)CCCCCC)C1=C\C2=CC=C(C(SC(C3=C(C=C(C4=CC5=C(S4)C6=C(C7=CC(F)=C(SCC(CCCC)CCCCCC)S7)C8=C(C=C(C9=CC(CCCCCC)=C(C%10=CC(CCCCCC)=C(C%11=CC=C(/C=C%12SC(N(CCCCCC)C\%12=O)=S)S%11)S%10)S9)S8)C(C(S%13)=CC(F)=C%13SCC(CCCCCC)CCCC)=C6S5)S3)CCCCCC)=C%14)=C%14CCCCCC)S2,-5,31,-3,14,618,CF,Y6,-5,7,-4,08,833,0,851,22,82,52,27,10,15,01:01,[21]
TBD-S4,O=C(N(C(S/1)=S)CCCCCC)C1=C\C2=CC=C(C(SC(C3=C(C=C(C4=CC5=C(S4)C6=C(C7=CC(F)=C(SCC(CCCC)CCCCCC)S7)C8=C(C=C(C9=CC(CCCCCC)=C(C%10=CC(CCCCCC)=C(C%11=CC=C(/C=C%12SC(N(CCCCCC)C\%12=O)=S)S%11)S%10)S9)S8)C(C(S%13)=CC(F)=C%13SCC(CCCCCC)CCCC)=C6S5)S3)CCCCCC)=C%14)=C%14CCCCCC)S2,-5,31,-3,14,618,CF,Y6,-5,7,-4,08,833,0,851,23,86,63,42,12,87,1,4:1,[21]
TBD-S4,O=C(N(C(S/1)=S)CCCCCC)C1=C\C2=CC=C(C(SC(C3=C(C=C(C4=CC5=C(S4)C6=C(C7=CC(F)=C(SCC(CCCC)CCCCCC)S7)C8=C(C=C(C9=CC(CCCCCC)=C(C%10=CC(CCCCCC)=C(C%11=CC=C(/C=C%12SC(N(CCCCCC)C\%12=O)=S)S%11)S%10)S9)S8)C(C(S%13)=CC(F)=C%13SCC(CCCCCC)CCCC)=C6S5)S3)CCCCCC)=C%14)=C%14CCCCCC)S2,-5,31,-3,14,618,CF,Y6,-5,7,-4,08,833,0,852,22,77,71,26,13,82,02:01,[21]
TBD-S4,O=C(N(C(S/1)=S)CCCCCC)C1=C\C2=CC=C(C(SC(C3=C(C=C(C4=CC5=C(S4)C6=C(C7=CC(F)=C(SCC(CCCC)CCCCCC)S7)C8=C(C=C(C9=CC(CCCCCC)=C(C%10=CC(CCCCCC)=C(C%11=CC=C(/C=C%12SC(N(CCCCCC)C\%12=O)=S)S%11)S%10)S9)S8)C(C(S%13)=CC(F)=C%13SCC(CCCCCC)CCCC)=C6S5)S3)CCCCCC)=C%14)=C%14CCCCCC)S2,-5,31,-3,14,618,CF,Y6,-5,7,-4,08,833,0,854,24,53,72,1,15,1,1,8:1,[21]
DRCN5T,O=C(/C(S/1)=C/C2=CC(CCCCCCCC)=C(S2)C(S3)=CC(CCCCCCCC)=C3C4=CC=C(C5=C(CCCCCCCC)C=C(C6=C(CCCCCCCC)C=C(/C=C7S/C(N(CC)C\7=O)=C(C#N)/C#N)S6)S5)S4)N(CC)C1=C(C#N)/C#N,-5,22,-3,41,693,CF,IDIC8-M,-5,51,-3,76,709,1,002,10,36,60,7,6,31,01:01,[1111]
DRCN5T,O=C(/C(S/1)=C/C2=CC(CCCCCCCC)=C(S2)C(S3)=CC(CCCCCCCC)=C3C4=CC=C(C5=C(CCCCCCCC)C=C(C6=C(CCCCCCCC)C=C(/C=C7S/C(N(CC)C\7=O)=C(C#N)/C#N)S6)S5)S4)N(CC)C1=C(C#N)/C#N,-5,22,-3,41,693,CF,IDIC8-H,-5,52,-3,72,701,0,952,13,44,62,5,8,01:00,8,[1111]
DRCN5T,O=C(/C(S/1)=C/C2=CC(CCCCCCCC)=C(S2)C(S3)=CC(CCCCCCCC)=C3C4=CC=C(C5=C(CCCCCCCC)C=C(C6=C(CCCCCCCC)C=C(/C=C7S/C(N(CC)C\7=O)=C(C#N)/C#N)S6)S5)S4)N(CC)C1=C(C#N)/C#N,-5,22,-3,41,693,CF,IDIC8-F,-5,51,-3,82,725,0,864,15,21,64,1,8,42,01:01,[1111]
DRCN5T,O=C(/C(S/1)=C/C2=CC(CCCCCCCC)=C(S2)C(S3)=CC(CCCCCCCC)=C3C4=CC=C(C5=C(CCCCCCCC)C=C(C6=C(CCCCCCCC)C=C(/C=C7S/C(N(CC)C\7=O)=C(C#N)/C#N)S6)S5)S4)N(CC)C1=C(C#N)/C#N,-5,22,-3,41,693,CF,F-0Cl,-5,5,-3,8,750,1,09,9,64,52,3,5,49,01:00,5,[1111]
DRCN5T,O=C(/C(S/1)=C/C2=CC(CCCCCCCC)=C(S2)C(S3)=CC(CCCCCCCC)=C3C4=CC=C(C5=C(CCCCCCCC)C=C(C6=C(CCCCCCCC)C=C(/C=C7S/C(N(CC)C\7=O)=C(C#N)/C#N)S6)S5)S4)N(CC)C1=C(C#N)/C#N,-5,22,-3,41,693,CF,F-1Cl,-5,6,-3,9,780,0,975,13,07,63,7,8,12,01:00,8,[1111]
DRCN5T,O=C(/C(S/1)=C/C2=CC(CCCCCCCC)=C(S2)C(S3)=CC(CCCCCCCC)=C3C4=CC=C(C5=C(CCCCCCCC)C=C(C6=C(CCCCCCCC)C=C(/C=C7S/C(N(CC)C\7=O)=C(C#N)/C#N)S6)S5)S4)N(CC)C1=C(C#N)/C#N,-5,22,-3,41,693,CF,F-2Cl,-5,83,-3,9,760,0,906,15,97,68,4,9,89,01:00,8,[1111]
DRCN7T,O=C(/C(S/1)=C/C2=CC(CCCCCCCC)=C(S2)C3=CC(CCCCCCCC)=C(C4=C(CCCCCCCC)C=C(C5=CC=C(C(S6)=CC(CCCCCCCC)=C6C(SC(C7=C(C=C(S7)/C=C8C(N(/C(S/8)=C(C#N)/C#N)CC)=O)CCCCCCCC)=C9)=C9CCCCCCCC)S5)S4)S3)N(CC)C1=C(C#N)/C#N,-5,21,-3,54,535,CF,Y6,-5,7,-4,08,833,0,76,8,44,36,48,2,48,01:01,[1111]
2F7T,O=C(/C(S/1)=C/C2=CC(CCCCCCCC)=C(S2)C3=CC(CCCCCCCC)=C(C4=C(CCCCCCCC)C=C(C5=C(F)C(F)=C(C(S6)=CC(CCCCCCCC)=C6C(SC(C7=C(C=C(S7)/C=C8C(N(/C(S/8)=C(C#N)/C#N)CC)=O)CCCCCCCC)=C9)=C9CCCCCCCC)S5)S4)S3)N(CC)C1=C(C#N)/C#N,-5,29,-3,61,520,CF,Y6,-5,7,-4,08,833,0,79,20,89,54,13,9,41,1,2:1,[1111]
2Cl7T,O=C(/C(S/1)=C/C2=CC(CCCCCCCC)=C(S2)C3=CC(CCCCCCCC)=C(C4=C(CCCCCCCC)C=C(C5=C(Cl)C(Cl)=C(C(S6)=CC(CCCCCCCC)=C6C(SC(C7=C(C=C(S7)/C=C8C(N(/C(S/8)=C(C#N)/C#N)CC)=O)CCCCCCCC)=C9)=C9CCCCCCCC)S5)S4)S3)N(CC)C1=C(C#N)/C#N,-5,39,-3,64,519,CF,Y6,-5,7,-4,08,833,0,83,19,69,68,15,11,45,02:01,[1111]
DRTB-T,O=C(N(CC)C/1=O)SC1=C\C(S2)=CC3=C2C(C4=CC=C(CC(CC)CCCC)S4)=C(C=C(C(S5)=CC6=C5C(C7=CC=C(CC(CC)CCCC)S7)=C(C=C(C(S8)=CC9=C8C(C%10=CC=C(CC(CC)CCCC)S%10)=C(C=C(/C=C%11SC(N(CC)C/%11=O)=O)S%12)C%12=C9C%13=CC=C(CC(CCCC)CC)S%13)S%14)C%14=C6C%15=CC=C(CC(CCCC)CC)S%15)S%16)C%16=C3C%17=CC=C(CC(CCCC)CC)S%17,-5,51,-3,34,585,CF,F-2Cl,-5,83,-3,9,760,0,969,17,24,64,4,10,76,1 1,25,[1111]
DRTB-T,O=C(N(CC)C/1=O)SC1=C\C(S2)=CC3=C2C(C4=CC=C(CC(CC)CCCC)S4)=C(C=C(C(S5)=CC6=C5C(C7=CC=C(CC(CC)CCCC)S7)=C(C=C(C(S8)=CC9=C8C(C%10=CC=C(CC(CC)CCCC)S%10)=C(C=C(/C=C%11SC(N(CC)C/%11=O)=O)S%12)C%12=C9C%13=CC=C(CC(CCCC)CC)S%13)S%14)C%14=C6C%15=CC=C(CC(CCCC)CC)S%15)S%16)C%16=C3C%17=CC=C(CC(CCCC)CC)S%17,-5,48,-3,56,586,CF,IDIC,-5,65,-3,97,710,0,98,14,22,65,9,06,1 1,25,[1111]
DRTBT-T-C2,O=C(N(CC)C/1=O)SC1=C\C(S2)=CC3=C2C(C4=CC=C(CC(CC)CCCC)S4)=C(C=C(C(S5)=CC6=C5C(C7=CC=C(CC(CC)CCCC)S7)=C(C=C(C(S8)=CC9=C8C(C%10=CC=C(CC(CC)CCCC)S%10)=C(C=C(/C=C%11SC(N(CC)C/%11=O)=O)S%12)C%12=C9C%13=CC=C(CC(CCCC)CC)S%13)S%14)C%14=C6C%15=CC=C(CC(CCCC)CC)S%15)S%16)C%16=C3C%17=CC=C(CC(CCCC)CC)S%17,-5,51,-3,34,581,CF,IT-4F,-5,66,-4,14,800,0,893,16,66,64,9,52,01:01,[1111]
DRTBT-T-C4,O=C(N(C(CC)C)C/1=O)SC1=C\C(S2)=CC3=C2C(C4=CC=C(CC(CC)CCCC)S4)=C(C=C(C(S5)=CC6=C5C(C7=CC=C(CC(CC)CCCC)S7)=C(C=C(C(S8)=CC9=C8C(C%10=CC=C(CC(CC)CCCC)S%10)=C(C=C(/C=C%11SC(N(C(CC)C)C/%11=O)=O)S%12)C%12=C9C%13=CC=C(CC(CCCC)CC)S%13)S%14)C%14=C6C%15=CC=C(CC(CCCC)CC)S%15)S%16)C%16=C3C%17=CC=C(CC(CCCC)CC)S%17,-5,51,-3,34,586,CF,IT-4F,-5,66,-4,14,800,0,909,18,27,68,11,24,01:01,[1111]
DRTBT-T-C6,O=C(N(CCCCC)C/1=O)SC1=C\C(S2)=CC3=C2C(C4=CC=C(CC(CC)CCCC)S4)=C(C=C(C(S5)=CC6=C5C(C7=CC=C(CC(CC)CCCC)S7)=C(C=C(C(S8)=CC9=C8C(C%10=CC=C(CC(CC)CCCC)S%10)=C(C=C(/C=C%11SC(N(CCCCC)C/%11=O)=O)S%12)C%12=C9C%13=CC=C(CC(CCCC)CC)S%13)S%14)C%14=C6C%15=CC=C(CC(CCCC)CC)S%15)S%16)C%16=C3C%17=CC=C(CC(CCCC)CC)S%17,-5,51,-3,34,589,CF,IT-4F,-5,66,-4,14,800,0,929,17,92,63,10,52,01:01,[1111]
DRTBT-T-C8,O=C(N(CCCCCCC)C/1=O)SC1=C\C(S2)=CC3=C2C(C4=CC=C(CC(CC)CCCC)S4)=C(C=C(C(S5)=CC6=C5C(C7=CC=C(CC(CC)CCCC)S7)=C(C=C(C(S8)=CC9=C8C(C%10=CC=C(CC(CC)CCCC)S%10)=C(C=C(/C=C%11SC(N(CCCCCCC)C/%11=O)=O)S%12)C%12=C9C%13=CC=C(CC(CCCC)CC)S%13)S%14)C%14=C6C%15=CC=C(CC(CCCC)CC)S%15)S%16)C%16=C3C%17=CC=C(CC(CCCC)CC)S%17,-5,51,-3,34,581,CF,IT-4F,-5,66,-4,14,800,0,928,16,15,61,9,14,01:01,[1111]
P2TBR,O=C(N(CC)C/1=O)SC1=C\C(S2)=CC3=C2C(C4=CC=C(CC(CC)CCCC)S4)=C(C=C(C5=CC=C(C6=CC(OCC(CCCC)CC)=C(C7=CSC(C(S8)=CC9=C8C(C%10=CC=C(CC(CC)CCCC)S%10)=C(C=C(/C=C%11SC(N(CC)C/%11=O)=O)S%12)C%12=C9C%13=CC=C(CC(CCCC)CC)S%13)=C7)C=C6OCC(CCCC)CC)S5)S%14)C%14=C3C%15=CC=C(CC(CCCC)CC)S%15,-5,36,-3,64,554,CF,IDIC,-5,65,-3,97,710,0,94,17,5,70,1,11,5,01:01,[1111]
DRTB-FT,O=C(N(CC)C/1=O)SC1=C\C(S2)=CC3=C2C(C4=CC=C(CC(CC)CCCC)S4)=C(C=C(C(S5)=CC6=C5C(C7=CC(F)=C(CC(CC)CCCC)S7)=C(C=C(C(S8)=CC9=C8C(C%10=CC=C(CC(CC)CCCC)S%10)=C(C=C(/C=C%11SC(N(CC)C/%11=O)=O)S%12)C%12=C9C%13=CC=C(CC(CCCC)CC)S%13)S%14)C%14=C6C%15=CC(F)=C(CC(CCCC)CC)S%15)S%16)C%16=C3C%17=CC=C(CC(CCCC)CC)S%17,-5,64,-3,61,587,CF,F-2Cl,-5,83,-3,9,760,1,07,13,46,53,2,7,66,01:00,8,[1111]
3BDT-4,O=C(N(CCCCCC)C/1=O)SC1=C\C2=CC=C(C3=CC=C(C(S4)=CC5=C4C(C6=CC=C(CC(CC)CCCC)S6)=C(C=C(C(S7)=CC8=C7C(C9=CC=C(CC(CC)CCCC)S9)=C(C=C(C(S%10)=CC%11=C%10C(C%12=CC=C(CC(CC)CCCC)S%12)=C(C=C(C%13=CC=C(C%14=CC=C(/C=C%15SC(N(CCCCCC)C/%15=O)=O)S%14)S%13)S%16)C%16=C%11C%17=CC=C(CC(CCCC)CC)S%17)S%18)C%18=C8C%19=CC=C(CC(CCCC)CC)S%19)S%20)C%20=C5C%21=CC=C(CC(CCCC)CC)S%21)S3)S2,-5,15,-3,44,564,CF,Y6,-5,7,-4,08,833,0,829,17,41,3,5,82,1 O,55,[1111]
3BDT-5,O=C(OCC(CC)CCCC)/C(C#N)=C/C1=CC=C(C2=CC=C(C(S3)=CC4=C3C(C5=CC=C(CC(CC)CCCC)S5)=C(C=C(C(S6)=CC7=C6C(C8=CC=C(CC(CC)CCCC)S8)=C(C=C(C(S9)=CC%10=C9C(C%11=CC=C(CC(CC)CCCC)S%11)=C(C=C(C%12=CC=C(C%13=CC=C(/C=C(C#N)/C(OCC(CC)CCCC)=O)S%13)S%12)S%14)C%14=C%10C%15=CC=C(CC(CCCC)CC)S%15)S%16)C%16=C7C%17=CC=C(CC(CCCC)CC)S%17)S%18)C%18=C4C%19=CC=C(CC(CCCC)CC)S%19)S2)S1,-5,15,-3,4,550,CF,Y6,-5,7,-4,08,833,0,84,21,3,58,1,10,4,2 O,55,[1111]
DR3TBDTT,O=C(/C(S1)=C\C(S2)=CC(CCCCCCCC)=C2C3=CC=C(S3)C(S4)=C(CCCCCCCC)C=C4C5=CC6=C(C7=CC=C(CC(CC)CCCC)S7)C(SC(C(S8)=CC(CCCCCCCC)=C8C9=CC=C(S9)C(S%10)=C(CCCCCCCC)C=C%10/C=C%11C(N(C(S\%11)=S)CC)=O)=C%12)=C%12C(C(S%13)=CC=C%13CC(CC)CCCC)=C6S5)N(CC)C1=S,-5,02,-3,27,637,CF,0-IDTBR,-5,51,-3,88,731,1,15,11,06,50,6,36,0,8 1,[1111]
BT-2F,FC1=C(CC(CC)CCCC)SC(C2=C3C(SC(C4=CC(CCCCCC)=C(C5=C(CCCCCC)C=C(C6=CC=C(/C=C(C(OCC(CCCC)CC)=O)\C#N)S6)S5)S4)=C3)=C(C7=C(F)C(F)=C(CC(CC)CCCC)S7)C8=C2SC(C9=CC(CCCCCC)=C(C%10=C(CCCCCC)C=C(C%11=CC=C(/C=C(C(OCC(CCCC)CC)=O)\C#N)S%11)S%10)S9)=C8)=C1F,-5,4,-3,4,611,CF,N3,-5,64,-4,08,751,0,84,23,81,70,22,14,09,01:01,[1111]
BDT(X1),O=C(OCCCCC)/C(C#N)=C/C(S1)=CC=C1C2=CC(CCCCCC)=C(S2)C(S3)=C(CCCCCC)C=C3C4=CC5=C(C6=CC(CCCCCC)=C(CC(CC)CCCC)S6)C(SC(C7=CC(CCCCCC)=C(C8=C(CCCCCC)C=C(C9=CC=C(/C=C(C(OCCCCC)=O)\C#N)S9)S8)S7)=C%10)=C%10C(C%11=CC(CCCCCC)=C(CC(CC)CCCC)S%11)=C5S4,-5,29,-3,64,563,CF,IDIC,-5,65,-3,97,710,0,92,13,26,71,8,69,01:01,[1111]
BDT(X2),O=C(OCC)/C(C#N)=C/C(S1)=CC=C1C2=CC(CCCCCC)=C(S2)C(S3)=C(CCCCCC)C=C3C4=CC5=C(C6=CC(CCCCCC)=C(CC(CC)CCCC)S6)C(SC(C7=CC(CCCCCC)=C(C8=C(CCCCCC)C=C(C9=CC=C(/C=C(C(OCC)=O)\C#N)S9)S8)S7)=C%10)=C%10C(C%11=CC(CCCCCC)=C(CC(CC)CCCC)S%11)=C5S4,-5,32,-3,63,563,CF,IDIC,-5,65,-3,97,710,0,94,12,9,58,7,04,01:01,[1111]
BTR,O=C(N(CCCCCC)C(S/1)=S)C1=C\C2=CC=C(S2)C3=C(CCCCCC)C=C(C4=C(CCCCCC)C=C(C5=CC6=C(C7=CC(CCCCCC)=C(CC(CC)CCCC)S7)C8=C(C=C(C9=CC(CCCCCC)=C(C(S%10)=CC(CCCCCC)=C%10C%11=CC=C(S%11)/C=C%12SC(N(C\%12=O)CCCCCC)=S)S9)S8)C(C%13=CC(CCCCCC)=C(CC(CC)CCCC)S%13)=C6S5)S4)S3,-5,34,-3,53,620,CF,Y6,-5,7,-4,08,833,0,85,22,25,56,4,10,67,01:01,[1111]
BTR-Cl,O=C(N(CCCCCC)C(S/1)=S)C1=C\C2=CC=C(S2)C3=C(CCCCCC)C=C(C4=C(CCCCCC)C=C(C5=CC6=C(C7=CC(Cl)=C(CC(CCCC)CC)S7)C8=C(C=C(C9=CC(CCCCCC)=C(C(S%10)=CC(CCCCCC)=C%10C%11=CC=C(S%11)/C=C%12SC(N(C\%12=O)CCCCCC)=S)S9)S8)C(C%13=CC(Cl)=C(CC(CCCC)CC)S%13)=C6S5)S4)S3,-5,46,-3,7,573,CF,Y6,-5,7,-4,08,833,0,86,24,17,65,5,13,61,01:01,[1111]
BTR-Cl,O=C(N(CCCCCC)C(S/1)=S)C1=C\C2=CC=C(S2)C3=C(CCCCCC)C=C(C4=C(CCCCCC)C=C(C5=CC6=C(C7=CC(Cl)=C(CC(CCCC)CC)S7)C8=C(C=C(C9=CC(CCCCCC)=C(C(S%10)=CC(CCCCCC)=C%10C%11=CC=C(S%11)/C=C%12SC(N(C\%12=O)CCCCCC)=S)S9)S8)C(C%13=CC(Cl)=C(CC(CCCC)CC)S%13)=C6S5)S4)S3,-5,46,-3,7,573,CF,BTP-FCl-FCl,-5,7,-3,9,845,0,825,24,58,75,36,15,3,01:01,[1111]
BTR,O=C(N(CCCCCC)C(S/1)=S)C1=C\C2=CC=C(S2)C3=C(CCCCCC)C=C(C4=C(CCCCCC)C=C(C5=CC6=C(C7=CC(CCCCCC)=C(CC(CC)CCCC)S7)C8=C(C=C(C9=CC(CCCCCC)=C(C(S%10)=CC(CCCCCC)=C%10C%11=CC=C(S%11)/C=C%12SC(N(C\%12=O)CCCCCC)=S)S9)S8)C(C%13=CC(CCCCCC)=C(CC(CC)CCCC)S%13)=C6S5)S4)S3,-5,34,-3,51,620,CF,BO-4Cl,-5,69,-3,87,822,0,83,17,91,66,10,4,01:01,[1111]
NDTSR,CCN(C(S/C1=C/C(S2)=CC=C2C3=C(CCCCCCCC)C=C(S3)C4=C(CCCCCCCC)C=C(C(S5)=CC6=C5C7=C(C=C6C8=CC=C(SCC(CC)CCCC)S8)C9=C(C=C(C%10=CC(CCCCCCCC)=C(C%11=CC(CCCCCCCC)=C(C%12=CC=C(/C=C%13C(N(C(S\%13)=S)CC)=O)S%12)S%11)S%10)S9)C(C%14=CC=C(SCC(CC)CCCC)S%14)=C7)S4)=S)C1=O,-5,25,-3,5,530,CF,IDIC,-5,65,-3,97,710,0,92,14,13,61,95,8,05,1:0.6,[1111]
ZR2-C1,S=C(N(CCCCCC)C/1=O)SC1=C/C2=CC=C(S2)C(S3)=C(CCCCCCCC)C=C3C4=CC5=C(S4)C6=C(C7=CC=C(CC(CCCC)CCCCCC)S7)C8=C(C(SC(C9=CC(CCCCCCCC)=C(C%10=CC=C(/C=C%11SC(N(CCCCCC)C\%11=O)=S)S%10)S9)=C%12)=C%12S8)C(C%13=CC=C(CC(CCCC)CCCCCC)S%13)=C6S5,-5,36,-3,55,566,CF,Y6,-5,7,-4,08,833,0,852,21,35,65,12,11,79,1:0.55,[1111]
ZR2-C1,S=C(N(CCCCCC)C/1=O)SC1=C/C2=CC=C(S2)C(S3)=C(CCCCCCCC)C=C3C4=CC5=C(S4)C6=C(C7=CC=C(CC(CCCC)CCCCCC)S7)C8=C(C(SC(C9=CC(CCCCCCCC)=C(C%10=CC=C(/C=C%11SC(N(CCCCCC)C\%11=O)=S)S%10)S9)=C%12)=C%12S8)C(C%13=CC=C(CC(CCCC)CCCCCC)S%13)=C6S5,-5,36,-3,55,566,CF,IDIC-4F,-5,66,-4,14,803,0,796,18,15,64,16,9,27,1:0.6,[1111]
ZR2-C2,S=C(N(CCCCCC)C/1=O)SC1=C/C2=CC=C(S2)C(S3)=C(CCCCCCCC)C=C3C4=CC5=C(S4)C6=C(C7=CC=C(CCC(CCCC)CCCCCC)S7)C8=C(C(SC(C9=CC(CCCCCCCC)=C(C%10=CC=C(/C=C%11SC(N(CCCCCC)C\%11=O)=S)S%10)S9)=C%12)=C%12S8)C(C%13=CC=C(CCC(CCCC)CCCCCC)S%13)=C6S5,-5,35,-3,5,622,CF,Y6,-5,7,-4,08,833,0,852,23,03,65,43,12,84,1:0.55,[1111]
ZR2-C2,S=C(N(CCCCCC)C/1=O)SC1=C/C2=CC=C(S2)C(S3)=C(CCCCCCCC)C=C3C4=CC5=C(S4)C6=C(C7=CC=C(CCC(CCCC)CCCCCC)S7)C8=C(C(SC(C9=CC(CCCCCCCC)=C(C%10=CC=C(/C=C%11SC(N(CCCCCC)C\%11=O)=S)S%10)S9)=C%12)=C%12S8)C(C%13=CC=C(CCC(CCCC)CCCCCC)S%13)=C6S5,-5,35,-3,5,622,CF,IDIC-4F,-5,66,-4,14,803,0,783,18,27,69,29,9,91,1:0.6,[1111]
ZR2-C3,S=C(N(CCCCCC)C/1=O)SC1=C/C2=CC=C(S2)C(S3)=C(CCCCCCCC)C=C3C4=CC5=C(S4)C6=C(C7=CC=C(CCCC(CCCC)CCCCCC)S7)C8=C(C(SC(C9=CC(CCCCCCCC)=C(C%10=CC=C(/C=C%11SC(N(CCCCCC)C\%11=O)=S)S%10)S9)=C%12)=C%12S8)C(C%13=CC=C(CCCC(CCCC)CCCCCC)S%13)=C6S5,-5,34,-3,5,625,CF,Y6,-5,7,-4,08,833,0,854,24,69,70,06,14,78,1:0.55,[1111]
ZR2-C3,S=C(N(CCCCCC)C/1=O)SC1=C/C2=CC=C(S2)C(S3)=C(CCCCCCCC)C=C3C4=CC5=C(S4)C6=C(C7=CC=C(CCCC(CCCC)CCCCCC)S7)C8=C(C(SC(C9=CC(CCCCCCCC)=C(C%10=CC=C(/C=C%11SC(N(CCCCCC)C\%11=O)=S)S%10)S9)=C%12)=C%12S8)C(C%13=CC=C(CCCC(CCCC)CCCCCC)S%13)=C6S5,-5,34,-3,5,625,CF,IDIC-4F,-5,66,-4,14,803,0,776,18,95,70,41,10,35,1:0.6,[1111]
DR3TBDTT,O=C(/C(S1)=C\C(S2)=CC(CCCCCCCC)=C2C3=CC=C(S3)C(S4)=C(CCCCCCCC)C=C4C5=CC6=C(C7=CC=C(CC(CC)CCCC)S7)C(SC(C(S8)=CC(CCCCCCCC)=C8C9=CC=C(S9)C(S%10)=C(CCCCCCCC)C=C%10/C=C%11C(N(C(S\%11)=S)CC)=O)=C%12)=C%12C(C(S%13)=CC=C%13CC(CC)CCCC)=C6S5)N(CC)C1=S,-5,17,-3,34,650,CF,Y6,-5,7,-4,08,833,0,78,23,64,66,06,12,18,1,8:1,[1111]
H11,O=C(OCC(CCCC)CC)/C(C#N)=C/C1=CC=C(C(C2=NN(CC(CCCCCC)CCCCCCCC)N=C23)=C(F)C(F)=C3C4=CC=C(S4)C5=CC6=C(C7=CC=C(CC(CC)CCCC)S7)C(SC(C8=CC=C(C(C9=NN(N=C9C(C%10=CC=C(S%10)/C=C(C#N)/C(OCC(CC)CCCC)=O)=C%11F)CC(CCCCCCCC)CCCCCC)=C%11F)S8)=C%12)=C%12C(C%13=CC=C(CC(CC)CCCC)S%13)=C6S5)S1,-5,31,-3,03,605,CF,IDIC,-5,65,-3,97,710,0,977,15,21,65,46,9,73,02:01,[1111]
H12,O=C(OCC(CCCC)CC)/C(C#N)=C/C1=CC=C(C(C2=NN(CC(CCCCCC)CCCCCCCC)N=C23)=C(F)C(F)=C3C4=CC=C(S4)C5=CC6=C(OCC(CCCC)CC)C(SC(C7=CC=C(C(C8=NN(N=C8C(C9=CC=C(S9)/C=C(C#N)/C(OCC(CC)CCCC)=O)=C%10F)CC(CCCCCCCC)CCCCCC)=C%10F)S7)=C%11)=C%11C(OCC(CC)CCCC)=C6S5)S1,-5,28,-3,01,605,CF,IDIC,-5,65,-3,97,710,0,955,10,51,54,89,5,51,02:01,[1111]
H13,O=C(OCC(CCCC)CC)/C(C#N)=C/C1=CC=C(C(C2=NN(CC(CCCCCC)CCCCCCCC)N=C23)=C(F)C(F)=C3C4=CC=C(S4)C5=CC6=C(C7=CC(F)=C(CC(CC)CCCC)S7)C(SC(C8=CC=C(C(C9=NN(N=C9C(C%10=CC=C(S%10)/C=C(C#N)/C(OCC(CC)CCCC)=O)=C%11F)CC(CCCCCCCC)CCCCCC)=C%11F)S8)=C%12)=C%12C(C%13=CC(F)=C(CC(CC)CCCC)S%13)=C6S5)S1,-5,43,-3,39,605,CF,IDIC-4F,-5,66,-4,14,803,0,939,17,3,63,2,10,3,02:01,[1111]
H14,O=C(OCC(CCCC)CC)/C(C#N)=C/C1=CC=C(C(C2=NN(CC(CCCCCC)CCCCCCCC)N=C23)=C(F)C(F)=C3C4=CC=C(S4)C5=CC6=C(C7=CC(Cl)=C(CC(CC)CCCC)S7)C(SC(C8=CC=C(C(C9=NN(N=C9C(C%10=CC=C(S%10)/C=C(C#N)/C(OCC(CC)CCCC)=O)=C%11F)CC(CCCCCCCC)CCCCCC)=C%11F)S8)=C%12)=C%12C(C%13=CC(Cl)=C(CC(CC)CCCC)S%13)=C6S5)S1,-5,46,-3,47,605,CF,IDIC-4F,-5,66,-4,14,803,0,943,18,3,70,2,12,1,02:01,[1111]
BDT(TVT-SR)2,O=C(OCC(CCCC)CC)/C(C#N)=C/C1=CC=C(C(C2=NN(CC(CCCCCC)CCCCCCCC)N=C23)=C(F)C(F)=C3C4=CC=C(S4)C5=CC6=C(C7=CC=C(/C=C/C8=CC=C(SCC(CC)CCCC)S8)S7)C(SC(C9=CC=C(C(C%10=NN(N=C%10C(C%11=CC=C(S%11)/C=C(C#N)/C(OCC(CC)CCCC)=O)=C%12F)CC(CCCCCCCC)CCCCCC)=C%12F)S9)=C%13)=C%13C(C%14=CC=C(/C=C/C%15=CC=C(SCC(CC)CCCC)S%15)S%14)=C6S5)S1,-5,33,-3,18,603,CF,IDIC,-5,65,-3,97,710,0,98,15,92,71,15,11,1,02:01,[1111]
SM-BT-2OR,O=C(OCC(CCCC)CC)/C(C#N)=C/C1=CC=C(C(C2=NSN=C23)=CC=C3C4=CC(OCCCCCCCC)=C(S4)C5=CC6=C(C7=CC=C(CC(CCCC)CC)S7)C(SC(C8=C(OCCCCCCCC)C=C(C(C9=NSN=C9%10)=CC=C%10C%11=CC=C(S%11)/C=C(C#N)/C(OCC(CC)CCCC)=O)S8)=C%12)=C%12C(C%13=CC=C(CC(CC)CCCC)S%13)=C6S5)S1,-5,34,-2,12,584,CF,IDIC,-5,65,-3,97,710,0,939,13,57,56,5,7,2,02:01,[1111]
SM-BT-2F,O=C(OCC(CCCC)CC)/C(C#N)=C/C1=CC=C(C(C2=NSN=C23)=C(F)C(F)=C3C4=CC(OCCCCCCCC)=C(S4)C5=CC6=C(C7=CC=C(CC(CCCC)CC)S7)C(SC(C8=C(OCCCCCCCC)C=C(C(C9=NSN=C9%10)=C(F)C(F)=C%10C%11=CC=C(S%11)/C=C(C#N)/C(OCC(CC)CCCC)=O)S8)=C%12)=C%12C(C%13=CC=C(CC(CC)CCCC)S%13)=C6S5)S1,-5,36,-2,26,606,CF,IDIC,-5,65,-3,97,710,0,987,5,36,30,2,1,6,02:01,[1111]
BDT3TR,O=C(/C(S1)=C\C(S2)=CC(CCCCCCCC)=C2C3=CC(CCCCCCCC)=C(S3)C(S4)=C(CCCCCCCC)C=C4C5=CC6=C(C7=CC=C(CC(CC)CCCC)S7)C8=C(C=C(C9=CC%10=C(C%11=CC=C(CC(CC)CCCC)S%11)C%12=C(C=C(C%13=CC%14=C(C%15=CC=C(CC(CC)CCCC)S%15)C%16=C(C=C(C(S%17)=CC(CCCCCCCC)=C%17C%18=C(C=C(S%18)C(SC(/C=C%19C(N(C(S\%19)=O)CC)=O)=C%20)=C%20CCCCCCCC)CCCCCCCC)S%16)C(C%21=CC=C(CC(CCCC)CC)S%21)=C%14S%13)S%12)C(C%22=CC=C(CC(CCCC)CC)S%22)=C%10S9)S8)C(C%23=CC=C(CC(CCCC)CC)S%23)=C6S5)N(CC)C1=O,-5,1,-3,28,572,CF,O-IDTBR,-5,51,-3,88,731,1,06,12,1,55,7,09,01:01,[Pilar]
DRC4TB,O=C1N(CCCC)C(S/C1=C/C(S2)=CC=C2C(C(OC(CC)CCCC)=C3)=CC(OC(CC)CCCC)=C3C4=C(CCCCCCCC)C=C(C5=CC6=C(C7=CC=CS7)C(SC(C8=CC(CCCCCCCC)=C(C9=C(OC(CC)CCCC)C=C(C%10=CC=C(/C=C%11SC(N(CCCC)C/%11=O)=S)S%10)C(OC(CC)CCCC)=C9)S8)=C%12)=C%12C(C%13=CC=CS%13)=C6S5)S4)=S,-5,25,-3,21,606,CF,Hf-PCIC,-5,41,-3,84,780,0,9,15,21,65,5,8,68,1,5:1,[Pilar]
SM,CCOC(/C(C#N)=C/C(S1)=CC(CCCCCCCC)=C1C2=CC=C(S2)C(S3)=C(CCCCCCCC)C=C3C4=CC5=C(C6=CC=C(CC(CC)CCCC)S6)C(SC(C7=CC(CCCCCCCC)=C(C8=CC=C(C9=C(CCCCCCCC)C=C(/C=C(C(OCC)=O)\C#N)S9)S8)S7)=C%10)=C%10C(C%11=CC=C(CC(CC)CCCC)S%11)=C5S4)=O,-5,25,-3,33,616,CF,IDIC,-5,65,-3,97,710,0,911,15,51,67,85,9,39,02:01,[Pilar]
SM-Cl,CCOC(/C(C#N)=C/C(S1)=CC(CCCCCCCC)=C1C2=CC=C(S2)C(S3)=C(CCCCCCCC)C=C3C4=CC5=C(C6=C(Cl)C=C(CC(CC)CCCC)S6)C(SC(C7=CC(CCCCCCCC)=C(C8=CC=C(C9=C(CCCCCCCC)C=C(/C=C(C(OCC)=O)\C#N)S9)S8)S7)=C%10)=C%10C(C%11=C(Cl)C=C(CC(CC)CCCC)S%11)=C5S4)=O,-5,42,-3,34,601,CF,IDIC,-5,65,-3,97,710,0,972,12,61,63,08,7,73,02:01,[Pilar]
DFDT(DDP)2,O=C1C(C2=C(C3=CC=C(C4=CC=C(C5=CC=C(C6=CC=C(C(N7CC(CC)CCCC)=C8C(C7=O)=C(C9=CC=CS9)N(CC(CC)CCCC)C8=O)S6)S5)S4)S3)N1CC(CC)CCCC)=C(C%10=CC=CS%10)N(CC(CC)CCCC)C2=O,-5,39,-3,51,616,CF,IDIC,-5,65,-3,97,710,0,99,14,79,47,9,7,01,01:01,[Pilar]
DFDT(DDP)2,O=C1C(C2=C(C3=CC=C(C4=CC=C(C5=CC=C(C6=CC=C(C(N7CC(CC)CCCC)=C8C(C7=O)=C(C9=CC=CS9)N(CC(CC)CCCC)C8=O)S6)S5)S4)S3)N1CC(CC)CCCC)=C(C%10=CC=CS%10)N(CC(CC)CCCC)C2=O,-5,39,-3,51,616,CF,IDIC-4F,-5,66,-4,14,803,0,86,16,83,65,2,9,43,01:01,[Pilar]
D5T2F-P,O=C(/C(S/1)=C/C2=CC(CCCCCCCC)=C(S2)C(S3)=CC(CCCCCCCC)=C3C4=C(F)C(F)=C(C5=C(CCCCCCCC)C=C(C6=C(CCCCCCCC)C=C(/C=C7S/C(N(CC)C\7=O)=C(C#N)/C#N)S6)S5)S4)N(CC)C1=C(C#N)/C#N,-5,34,-3,59,708,CF,IDIC-4F,-5,66,-4,14,803,0,86,16,85,63,9,36,1,5:1,[Pilar]
D5T2F-S,O=C(/C(S/1)=C/C2=CC(CCCCCCCC)=C(S2)C(S3)=C(F)C(CCCCCCCC)=C3C4=CC=C(C5=C(CCCCCCCC)C(F)=C(C6=C(CCCCCCCC)C=C(/C=C7S/C(N(CC)C\7=O)=C(C#N)/C#N)S6)S5)S4)N(CC)C1=C(C#N)/C#N,-5,29,-3,45,600,CF,IDIC-4F,-5,66,-4,14,803,0,72,15,38,56,6,43,1,5:1,[Pilar]
D5T2F-T,O=C(/C(S/1)=C/C2=C(F)C(CCCCCCCC)=C(S2)C(S3)=CC(CCCCCCCC)=C3C4=CC=C(C5=C(CCCCCCCC)C=C(C6=C(CCCCCCCC)C(F)=C(/C=C7S/C(N(CC)C\7=O)=C(C#N)/C#N)S6)S5)S4)N(CC)C1=C(C#N)/C#N,-5,24,-3,49,660,CF,IDIC-4F,-5,66,-4,14,803,0,84,10,73,54,1,5,29,1,5:1,[Pilar]
BDT-2T-DVC-Me,C/C(C1=CC=C(S1)C(S2)=CC=C2C3=CC4=C(C5=CC=C(CC(CC)CCCC)S5)C(SC(C6=CC=C(C7=CC=C(/C(C)=C(C#N)/C#N)S7)S6)=C8)=C8C(C9=CC=C(CC(CC)CCCC)S9)=C4S3)=C(C#N)\C#N,-5,56,-3,35,600,CF,IDIC,-5,65,-3,97,710,1,06,4,75,29,31,1,56,01:01,[Pilar]
BDT-2T-CNAB,O=C(OCCCC)/C(C#N)=C/C1=CC=C(S1)C2=CC=C(C3=CC4=C(S3)C(C5=CC=C(CC(CC)CCCC)S5)=C6C(SC(C7=CC=C(C8=CC=C(/C=C(C(OCCCC)=O)\C#N)S8)S7)=C6)=C4C9=CC=C(CC(CC)CCCC)S9)S2,-5,54,-3,31,600,CF,IDIC,-5,65,-3,97,710,1,04,10,1,58,84,6,17,01:01,[Pilar]
2FDC5T,O=C(/C(S/1)=C/C2=CC(CCCCCCCC)=C(S2)C(S3)=C(CCCCCCCC)C(CCCCCCCC)=C3C4=C(F)C(F)=C(C5=C(CCCCCCCC)C(CCCCCCCC)=C(C6=C(CCCCCCCC)C=C(/C=C7S/C(N(CC)C\7=O)=C(C#N)/C#N)S6)S5)S4)N(CC)C1=C(C#N)/C#N,-5,18,-3,45,575,CF,IDIC-4F,-5,66,-4,14,803,0,92,17,53,54,87,9,02,01:01,[Pilar]
DC5T,O=C(/C(S/1)=C/C2=CC(CCCCCCCC)=C(S2)C(S3)=C(CCCCCCCC)C(CCCCCCCC)=C3C4=CC=C(C5=C(CCCCCCCC)C(CCCCCCCC)=C(C6=C(CCCCCCCC)C=C(/C=C7S/C(N(CC)C\7=O)=C(C#N)/C#N)S6)S5)S4)N(CC)C1=C(C#N)/C#N,-5,34,-3,57,590,CF,IDIC-4F,-5,66,-4,14,803,0,86,12,34,66,25,7,03,01:01,[Pilar]
CBTSeEHR,O=C1N(CC(CCCC)CC)C(S/C1=C/C(S2)=CC(CCCCCCCC)=C2C3=CC=C([Se]3)C4=C(CCCCCCCC)C=C(C5=CC6=C(C7=CC(Cl)=C(CC(CCCC)CC)S7)C(SC(C(S8)=CC(CCCCCCCC)=C8C9=CC=C([Se]9)C(S%10)=C(CCCCCCCC)C=C%10/C=C%11C(N(C(S\%11)=S)CC(CCCC)CC)=O)=C%12)=C%12C(C%13=CC(Cl)=C(CC(CCCC)CC)S%13)=C6S5)S4)=S,-5,45,-3,61,630,CF,FO-2Cl,-5,41,-3,83,765,0,871,15,28,69,8,9,3,01:01,2,[Pilar]
C-F,O=C1N(CCCCCC)C(S/C1=C/C2=C(CCCCCC)C=C(S2)C3=C(CCCCCCCC)C=C(C4=CC5=C(C6=CC=C(CC(CCCC)CC)C=C6)C(SC(C7=CC(CCCCCCCC)=C(C8=CC(CCCCCC)=C(/C=C9SC(N(CCCCCC)C/9=O)=S)S8)S7)=C%10)=C%10C(C%11=CC=C(CC(CC)CCCC)C=C%11)=C5S4)S3)=S,-5,29,-3,53,559,CF,N3,-5,64,-4,08,751,0,79,20,51,47,52,7,76,1.6:1,[Pilar]
BBTSM-2,O=C(OCC(CCCC)CC)/C(C#N)=C\C(S1)=CC(CCCCCC)=C1C2=CC=C(S2)C3=C(CCCCCC)C=C(C4=NC5=C(C6=CC=C(CC(CCCCCC)CCCCCCCC)S6)C(SC(C(S7)=CC(CCCCCC)=C7C8=CC=C(S8)C(S9)=C(CCCCCC)C=C9/C=C(C#N)\C(OCC(CCCC)CC)=O)=N%10)=C%10C(C%11=CC=C(CC(CCCCCC)CCCCCCCC)S%11)=C5S4)S3,-5,5,-3,47,611,CF,Y6,-5,7,-4,08,833,0,78,16,7,43,7,5,7,1,2:1,[Pilar]
3DTBDT-Cl,O=C(N(CCCCCC)C(S/1)=S)C1=C/C2=CC3=C(S2)C4=C(C5=CC=C(CC(CCCCCCCC)CCCCCC)S5)C6=C(C(SC(C7=CC8=C(S7)C9=C(C%10=CC(Cl)=C(CC(CCCCCCCC)CCCCCC)S%10)C%11=C(C(SC(C%12=CC%13=C(S%12)C%14=C(C%15=CC=C(CC(CCCCCCCC)CCCCCC)S%15)C%16=C(C(SC(/C=C%17C(N(CCCCCC)C(S\%17)=S)=O)=C%18)=C%18S%16)C(C%19=CC=C(CC(CCCCCCCC)CCCCCC)S%19)=C%14S%13)=C%20)=C%20S%11)C(C%21=CC(Cl)=C(CC(CCCCCCCC)CCCCCC)S%21)=C9S8)=C%22)=C%22S6)C(C%23=CC=C(CC(CCCCCCCC)CCCCCC)S%23)=C4S3,-5,48,-3,55,596,CF,L8-BO,-5,69,-3,91,800,0,92,18,8,62,62,10,83,01:01,[Pilar]
ZW2,O=C1N(CC(CCCC)CC)C(S/C1=C/C(S2)=CC=C2C3=C(CCCCCC)N=C(S3)C4=C(CCCCCCCC)N=C(C5=CC6=C(C7=CC(F)=C(CC(CCCC)CC)S7)C(SC(C(S8)=NC(CCCCCCCC)=C8C9=C(CCCCCC)C=C(S9)C(S%10)=CC=C%10/C=C%11C(N(C(S\%11)=S)CC(CCCC)CC)=O)=N%12)=C%12C(C%13=CC(F)=C(CC(CCCC)CC)S%13)=C6S5)S4)=S,-5,59,-3,56,550,CF,6TIC,-5,39,-4,02,790,0,813,14,32,45,7,5,32,01:01,[ZW2]
DRTB-O,O=C(N(CC)C/1=O)SC1=C\C(S2)=CC3=C2C(OCC(CC)CCCC)=C(C=C(C(S4)=CC5=C4C(OCC(CC)CCCC)=C(C=C(C(S6)=CC7=C6C(OCC(CC)CCCC)=C(C=C(/C=C8SC(N(CC)C/8=O)=O)S9)C9=C7OCC(CCCC)CC)S%10)C%10=C5OCC(CCCC)CC)S%11)C%11=C3OCC(CCCC)CC,-5,5,-3,56,572,CF,IDIC,-5,65,-3,97,710,0,99,0,57,27,0,15,"1:1,25",[jule]
BSFTR,O=C(N(C(CC)CCCC)C(S/1)=S)C1=C/C2=CC=C(S2)C(S3)=C(CCCCCC)C=C3C4=C(CCCCCC)C=C(S4)C5=CC6=C(C7=CC(F)=C(SC(CCCC)CC)S7)C8=C(C=C(C9=CC(CCCCCC)=C(C%10=CC(CCCCCC)=C(C%11=CC=C(/C=C%12C(N(C(CC)CCCC)C(S\%12)=S)=O)S%11)S%10)S9)S8)C(C%13=CC(F)=C(SC(CCCC)CC)S%13)=C6S5,-5,59,-3,61,568,CF,IDIC,-5,65,-3,97,710,0,98,9,3,70,88,6,43,1:0.8,[jule]
SM-BT-2F,O=C(OCC(CCCC)CC)/C(C#N)=C/C1=CC=C(C(C2=NSN=C23)=C(F)C(F)=C3C4=CC(OCCCCCCCC)=C(S4)C5=CC6=C(C7=CC=C(CC(CCCC)CC)S7)C(SC(C8=C(OCCCCCCCC)C=C(C(C9=NSN=C9%10)=C(F)C(F)=C%10C%11=CC=C(S%11)/C=C(C#N)/C(OCC(CC)CCCC)=O)S8)=C%12)=C%12C(C%13=CC=C(CC(CC)CCCC)S%13)=C6S5)S1,-5,36,-3,26,606,CF,IDIC,-5,65,-3,97,710,0,98,6,74,41,7,2,76,02:01,[jule]
SBDT-BDD,O=C1N(CC)C(S/C1=C/C2=CC=C(C3=C(C(C4=C(C(CC)CCCC)SC(C(CC)CCCC)=C4C5=O)=O)C5=C(S3)C6=CC=C(C7=CC8=C(C9=CC=C(SC(CCCC)CC)S9)C(SC(C%10=CC=C(C%11=C%12C(C(C%13=C(C(CC)CCCC)SC(C(CC)CCCC)=C%13C%12=O)=O)=C(C%14=CC=C(/C=C%15SC(N(CC)C/%15=O)=S)S%14)S%11)S%10)=C%16)=C%16C(C%17=CC=C(SC(CC)CCCC)S%17)=C8S7)S6)S2)=S,-5,25,-3,55,521,CF,IDIC,-5,65,-3,97,710,0,98,15,15,62,4,9,2,01:01,[SBDT]
BTR-Cl,O=C(N(CCCCCC)C(S/1)=S)C1=C\C2=CC=C(S2)C3=C(CCCCCC)C=C(C4=C(CCCCCC)C=C(C5=CC6=C(C7=CC(Cl)=C(CC(CCCC)CC)S7)C8=C(C=C(C9=CC(CCCCCC)=C(C(S%10)=CC(CCCCCC)=C%10C%11=CC=C(S%11)/C=C%12SC(N(C\%12=O)CCCCCC)=S)S9)S8)C(C%13=CC(Cl)=C(CC(CCCC)CC)S%13)=C6S5)S4)S3,-5,3,-2,79,580,CF,L8-Bo,-5,69,-3,91,800,0,86,22,91,73,15,1,4:1,[TB]
TB,O=C(N(CCCCCC)C(S/1)=S)C1=C\C2=CC=C(S2)C3=C(CCCCCC)C=C(C4=C(CCCCCC)C=C(C5=CC6=C(C7=CC(Cl)=C(CC(CCCC)CC)S7)C8=C(C=C(C9=CC(CCCCCC)=C(C(S%10)=CC(CCCCCC)=C%10C%11=CC=C(S%11)/C=C%12SC(N(C\%12=O)CCCCCC)=S)S9)S8)C(C%13=CC=C(SC(CCCC)CC)C=C%13)=C6S5)S4)S3,-5,28,-2,76,580,CF,L8-Bo,-5,69,-3,91,800,0,86,24,67,74,2,15,8,1,4:1,[TB]
TB-F,O=C(N(CCCCCC)C(S/1)=S)C1=C\C2=CC=C(S2)C3=C(CCCCCC)C=C(C4=C(CCCCCC)C=C(C5=CC6=C(C7=CC(Cl)=C(CC(CCCC)CC)S7)C8=C(C=C(C9=CC(CCCCCC)=C(C(S%10)=CC(CCCCCC)=C%10C%11=CC=C(S%11)/C=C%12SC(N(C\%12=O)CCCCCC)=S)S9)S8)C(C%13=CC(F)=C(SC(CCCC)CC)C=C%13)=C6S5)S4)S3,-5,31,-2,8,580,CF,L8-Bo,-5,69,-3,91,800,0,87,25,41,76,7,17,1,4:2,[TB]
H21,CCC[Si](CCC)(CCC)C(S1)=CC=C1C2=C3C(SC(C4=CC(CCCCCCCC)=C(C5=CC=C(C6=C(CCCCCCCC)C=C(/C=C7SC(N(CC)C/7=O)=O)S6)S5)S4)=C3)=C(C8=CC=C([Si](CCC)(CCC)CCC)S8)C9=C2SC(C%10=CC(CCCCCCCC)=C(C%11=CC=C(C%12=C(CCCCCCCC)C=C(/C=C%13SC(N(CC)C/%13=O)=O)S%12)S%11)S%10)=C9,-5,38,-3,63,685,CF,IDIC,-5,65,-3,97,710,0,895,13,65,58,7,62,1,5:1,[H21]
H22,O=C(OCC(CC)CCCC)/C(C#N)=C/C(S1)=CC(CCCCCCCC)=C1C2=CC=C(S2)C(S3)=C(CCCCCCCC)C=C3C4=CC5=C(C6=CC=C([Si](CCC)(CCC)CCC)S6)C(SC(C7=CC(CCCCCCCC)=C(C8=CC=C(C9=C(CCCCCCCC)C=C(/C=C(C(OCC(CC)CCCC)=O)\C#N)S9)S8)S7)=C%10)=C%10C(C%11=CC=C([Si](CCC)(CCC)CCC)S%11)=C5S4,-5,39,-3,59,655,CF,IDIC,-5,65,-3,97,710,0,942,15,38,71,15,10,29,1,5:1,[H21]
BDT-2DPP,O=C1C(C2=C(C3=CC=CS3)N1CC(CCCC)CC)=C(C4=CC=C(S4)C5=CC6=C(C7=CC=C(CC(CCCC)CC)S7)C(SC(C8=CC=C(C9=C%10C(C(N9CC(CC)CCCC)=O)=C(C%11=CC=CS%11)N(CC(CCCC)CC)C%10=O)S8)=C%12)=C%12C(C%13=CC=C(CC(CCCC)CC)S%13)=C6S5)N(CC(CC)CCCC)C2=O,-5,23,-3,46,626,CF,IEIC,-5,42,-3,82,775,0,9,8,24,54,4,01:01,[IEIC]
BDTS-2DPP,O=C1C(C2=C(C3=CC=CS3)N1CC(CCCC)CC)=C(C4=CC=C(S4)C5=CC6=C(C7=CC=C(SCCCCCCCC)S7)C(SC(C8=CC=C(C9=C%10C(C(N9CC(CC)CCCC)=O)=C(C%11=CC=CS%11)N(CC(CCCC)CC)C%10=O)S8)=C%12)=C%12C(C%13=CC=C(SCCCCCCCC)S%13)=C6S5)N(CC(CC)CCCC)C2=O,-5,28,-3,49,624,CF,IEIC,-5,42,-3,82,775,0,93,9,8,58,5,29,01:01,[IEIC]
SM1,O=C(OC(CCCC)CC)/C(C#N)=C/C(S1)=CC(CCCCCCCC)=C1C2=CC=C(S2)C(S3)=C(CCCCCCCC)C=C3C4=CC5=C(C6=CC=C(CC(CC)CCCC)S6)C(SC(C7=CC(CCCCCCCC)=C(C8=CC=C(C9=C(CCCCCCCC)C=C(/C=C(C(OC(CCCC)CC)=O)\C#N)S9)S8)S7)=C%10)=C%10C(C%11=CC=C(CC(CC)CCCC)S%11)=C5S4,-5,24,-2,82,566,CF,IDIC,-5,65,-3,97,710,0,905,15,18,73,55,10,11,02:01,[SM1-SM2]
SM2,CCOC(/C(C#N)=C/C(S1)=CC(CCCCCCCC)=C1C2=CC=C(S2)C(S3)=C(CCCCCCCC)C=C3C4=CC5=C(C6=CC=C(CC(CC)CCCC)S6)C(SC(C7=CC(CCCCCCCC)=C(C8=CC=C(C9=C(CCCCCCCC)C=C(/C=C(C(OCC)=O)\C#N)S9)S8)S7)=C%10)=C%10C(C%11=CC=C(CC(CC)CCCC)S%11)=C5S4)=O,-5,04,-2,7,521,CF,IDIC,-5,65,-3,97,710,0,768,10,77,64,4,5,32,02:01,[SM1-SM2]
BTR-Cl,O=C(N(CCCCCC)C(S/1)=S)C1=C\C2=CC=C(S2)C3=C(CCCCCC)C=C(C4=C(CCCCCC)C=C(C5=CC6=C(C7=CC(Cl)=C(CC(CCCC)CC)S7)C8=C(C=C(C9=CC(CCCCCC)=C(C(S%10)=CC(CCCCCC)=C%10C%11=CC=C(S%11)/C=C%12SC(N(C\%12=O)CCCCCC)=S)S9)S8)C(C%13=CC(Cl)=C(CC(CCCC)CC)S%13)=C6S5)S4)S3,-5,26,-3,51,573,CF,L8-BO,-5,69,-3,91,800,0,86,22,44,70,3,13,6,1,2/1,[BTR-YF]
BTR-YF,O=C(N(CCCCCC)C(S/1)=S)C1=C\C2=CC=C(S2)C3=C(CCCCCC)C=C(C4=C(CCCCCC)C=C(C5=CC6=C(C7=CC(Cl)=C(CC(CCCCCC)CCCCCCCC)S7)C8=C(C=C(C9=CC(CCCCCC)=C(C(S%10)=CC(CCCCCC)=C%10C%11=CC=C(S%11)/C=C%12SC(N(C\%12=O)CCCCCC)=S)S9)S8)C(C%13=CC=C(F)C=C%13)=C6S5)S4)S3,-5,34,-3,52,568,CF,L8-BO,-5,69,-3,91,800,0,87,24,35,71,4,15,1,1,2/2,[BTR-YF]
